,Unnamed: 0,IP__ttl,IP__type,IP__len,IP__proto,IP__src_s,IP__dst_s,IP__p,Label,packet__dst,packet__src,packet__layers,packet__bytes,packet__time,packet__len,UDP__dport,UDP__sport,TCP__seq,TCP__dport,TCP__flags,TCP__sport,DNS__query,DNS__dlen,DNS__an,DNS__ttl,DNS__opcode,DNS__answers,DNS__type,DNS__answers_amount,ETHERNET__dst,ETHERNET__src,IEEE__type,IEEE__dsr,MQTT__mlen
0,4498,60,-1,540,-1,163.152.1.1,192.168.0.23,17,Normal,b'\xa8+\xb9\xd6]\x9c',b'\x886l\xd7\x1cV',"Ethernet,IP,UDP,DNS","[168, 43, 185, 214, 93, 156, 136, 54, 108, 215, 28, 86, 8, 0, 69, 0, 2, 28, 60, 199, 0, 0, 60, 17, 218, 177, 163, 152, 1, 1, 192, 168, 0, 23, 0, 53, 134, 249, 2, 8, 214, 141, 159, 143, 129, 128, 0, 1, 0, 9, 0, 4, 0, 7, 1, 101, 11, 99, 114, 97, 115, 104, 108, 121, 116, 105, 99, 115, 3, 99, 111, 109, 0, 0, 1, 0, 1, 192, 12, 0, 5, 0, 1, 0, 0, 0, 156, 0, 52, 25, 101, 118, 101, 110, 116, 115, 45, 101, 110, 100, 112, 111, 105, 110, 116, 45, 52, 53, 53, 55, 49, 52, 50, 57, 52, 9, 117, 115, 45, 101, 97, 115, 116, 45, 49, 3, 101, 108, 98, 9, 97, 109, 97, 122, 111, 110, 97, 119, 115, 192, 26, 192, 47, 0, 1, 0, 1, 0, 0, 0, 33, 0, 4, 23, 23, 130, 219, 192, 47, 0, 1, 0, 1, 0, 0, 0, 33, 0, 4, 23, 23, 151, 189, 192, 47, 0, 1, 0, 1, 0, 0, 0, 33, 0, 4, 54, 225, 151, 26, 192, 47, 0, 1, 0, 1, 0, 0, 0, 33, 0, 4, 23, 23, 136, 192, 192, 47, 0, 1, 0, 1, 0, 0, 0, 33, 0, 4, 54, 204, 23, 131, 192, 47, 0, 1, 0, 1, 0, 0, 0, 33, 0, 4, 54, 225, 166, 8, 192, 47, 0, 1, 0, 1, 0, 0, 0, 33, 0, 4, 23, 23, 127, 254, 192, 47, 0, 1, 0, 1, 0, 0, 0, 33, 0, 4, 23, 23, 164, 8, 192, 73, 0, 2, 0, 1, 0, 0, 0, 149, 0, 22, 6, 110, 115, 45, 57, 51, 52, 9, 97, 119, 115, 100, 110, 115, 45, 53, 50, 3, 110, 101, 116, 0, 192, 73, 0, 2, 0, 1, 0, 0, 0, 149, 0, 19, 6, 110, 115, 45, 50, 51, 53, 9, 97, 119, 115, 100, 110, 115, 45, 50, 57, 192, 26, 192, 73, 0, 2, 0, 1, 0, 0, 0, 149, 0, 25, 7, 110, 115, 45, 49, 55, 57, 51, 9, 97, 119, 115, 100, 110, 115, 45, 51, 50, 2, 99, 111, 2, 117, 107, 0, 192, 73, 0, 2, 0, 1, 0, 0, 0, 149, 0, 23, 7, 110, 115, 45, 49, 49, 49, 57, 9, 97, 119, 115, 100, 110, 115, 45, 49, 49, 3, 111, 114, 103, 0, 193, 17, 0, 1, 0, 1, 0, 2, 76, 103, 0, 4, 205, 251, 192, 235, 192, 239, 0, 1, 0, 1, 0, 2, 76, 103, 0, 4, 205, 251, 195, 166, 193, 85, 0, 1, 0, 1, 0, 2, 76, 136, 0, 4, 205, 251, 196, 95, 193, 48, 0, 1, 0, 1, 0, 2, 76, 121, 0, 4, 205, 251, 199, 1, 193, 17, 0, 28, 0, 1, 0, 2, 76, 103, 0, 16, 38, 0, 144, 0, 83, 0, 235, 0, 0, 0, 0, 0, 0, 0, 0, 1, 192, 239, 0, 28, 0, 1, 0, 2, 76, 103, 0, 16, 38, 0, 144, 0, 83, 3, 166, 0, 0, 0, 0, 0, 0, 0, 0, 1, 193, 85, 0, 28, 0, 1, 0, 2, 76, 136, 0, 16, 38, 0, 144, 0, 83, 4, 95, 0, 0, 0, 0, 0, 0, 0, 0, 1]",2019-05-20 08:56:25.150057,554,34553,53,-1,-1,-1,-1,-1,-1,-1,-1,-1,"(see below)
----------
-> answers[0]:
layer567.dns.Answer
	name         (2): b'\xc0\x0c' = e.crashlytics.com.
	type         (H): 0x5 = 5 = 0b101
	cls          (H): 0x1 = 1 = 0b1
	ttl          (I): 0x9C = 156 = 0b10011100
	dlen         (H): 0x34 = 52 = 0b110100
	address     (52): b'\x19events-endpoint-455714294\tus-east-1\x03elb\tamazonaws\xc0\x1a' = events-endpoint-455714294.us-east-1.elb.amazonaws.
	bodybytes    (0): b''
-> answers[1]:
layer567.dns.Answer
	name         (2): b'\xc0/' = events-endpoint-455714294.us-east-1.elb.amazonaws.com.
	type         (H): 0x1 = 1 = 0b1
	cls          (H): 0x1 = 1 = 0b1
	ttl          (I): 0x21 = 33 = 0b100001
	dlen         (H): 0x4 = 4 = 0b100
	address      (4): b'\x17\x17\x82\xdb' = 23.23.130.219
	bodybytes    (0): b''
-> answers[2]:
layer567.dns.Answer
	name         (2): b'\xc0/' = events-endpoint-455714294.us-east-1.elb.amazonaws.com.
	type         (H): 0x1 = 1 = 0b1
	cls          (H): 0x1 = 1 = 0b1
	ttl          (I): 0x21 = 33 = 0b100001
	dlen         (H): 0x4 = 4 = 0b100
	address      (4): b'\x17\x17\x97\xbd' = 23.23.151.189
	bodybytes    (0): b''
-> answers[3]:
layer567.dns.Answer
	name         (2): b'\xc0/' = events-endpoint-455714294.us-east-1.elb.amazonaws.com.
	type         (H): 0x1 = 1 = 0b1
	cls          (H): 0x1 = 1 = 0b1
	ttl          (I): 0x21 = 33 = 0b100001
	dlen         (H): 0x4 = 4 = 0b100
	address      (4): b'6\xe1\x97\x1a' = 54.225.151.26
	bodybytes    (0): b''
-> answers[4]:
layer567.dns.Answer
	name         (2): b'\xc0/' = events-endpoint-455714294.us-east-1.elb.amazonaws.com.
	type         (H): 0x1 = 1 = 0b1
	cls          (H): 0x1 = 1 = 0b1
	ttl          (I): 0x21 = 33 = 0b100001
	dlen         (H): 0x4 = 4 = 0b100
	address      (4): b'\x17\x17\x88\xc0' = 23.23.136.192
	bodybytes    (0): b''
-> answers[5]:
layer567.dns.Answer
	name         (2): b'\xc0/' = events-endpoint-455714294.us-east-1.elb.amazonaws.com.
	type         (H): 0x1 = 1 = 0b1
	cls          (H): 0x1 = 1 = 0b1
	ttl          (I): 0x21 = 33 = 0b100001
	dlen         (H): 0x4 = 4 = 0b100
	address      (4): b'6\xcc\x17\x83' = 54.204.23.131
	bodybytes    (0): b''
-> answers[6]:
layer567.dns.Answer
	name         (2): b'\xc0/' = events-endpoint-455714294.us-east-1.elb.amazonaws.com.
	type         (H): 0x1 = 1 = 0b1
	cls          (H): 0x1 = 1 = 0b1
	ttl          (I): 0x21 = 33 = 0b100001
	dlen         (H): 0x4 = 4 = 0b100
	address      (4): b'6\xe1\xa6\x08' = 54.225.166.8
	bodybytes    (0): b''
-> answers[7]:
layer567.dns.Answer
	name         (2): b'\xc0/' = events-endpoint-455714294.us-east-1.elb.amazonaws.com.
	type         (H): 0x1 = 1 = 0b1
	cls          (H): 0x1 = 1 = 0b1
	ttl          (I): 0x21 = 33 = 0b100001
	dlen         (H): 0x4 = 4 = 0b100
	address      (4): b'\x17\x17\x7f\xfe' = 23.23.127.254
	bodybytes    (0): b''
-> answers[8]:
layer567.dns.Answer
	name         (2): b'\xc0/' = events-endpoint-455714294.us-east-1.elb.amazonaws.com.
	type         (H): 0x1 = 1 = 0b1
	cls          (H): 0x1 = 1 = 0b1
	ttl          (I): 0x21 = 33 = 0b100001
	dlen         (H): 0x4 = 4 = 0b100
	address      (4): b'\x17\x17\xa4\x08' = 23.23.164.8
	bodybytes    (0): b''
----------",-1,9,b'\xa8+\xb9\xd6]\x9c',b'\x886l\xd7\x1cV',-1,-1,-1
1,5586,60,-1,234,-1,163.152.1.1,192.168.0.24,17,Normal,b'\x042\xf4E\x17\xb3',b'\x886l\xd7\x1cV',"Ethernet,IP,UDP,DNS","[4, 50, 244, 69, 23, 179, 136, 54, 108, 215, 28, 86, 8, 0, 69, 0, 0, 234, 60, 200, 0, 0, 60, 17, 219, 225, 163, 152, 1, 1, 192, 168, 0, 24, 0, 53, 147, 55, 0, 214, 254, 196, 237, 28, 129, 128, 0, 1, 0, 1, 0, 4, 0, 4, 7, 110, 111, 103, 45, 115, 112, 107, 7, 115, 107, 116, 110, 117, 103, 117, 3, 99, 111, 109, 0, 0, 1, 0, 1, 192, 12, 0, 1, 0, 1, 0, 0, 2, 61, 0, 4, 211, 188, 147, 64, 192, 20, 0, 2, 0, 1, 0, 2, 92, 149, 0, 18, 5, 103, 97, 116, 101, 52, 9, 115, 107, 116, 101, 108, 101, 99, 111, 109, 192, 28, 192, 20, 0, 2, 0, 1, 0, 2, 92, 149, 0, 7, 4, 103, 97, 116, 101, 192, 71, 192, 20, 0, 2, 0, 1, 0, 2, 92, 149, 0, 8, 5, 103, 97, 116, 101, 50, 192, 71, 192, 20, 0, 2, 0, 1, 0, 2, 92, 149, 0, 8, 5, 103, 97, 116, 101, 51, 192, 71, 192, 95, 0, 1, 0, 1, 0, 0, 0, 233, 0, 4, 203, 236, 1, 12, 192, 114, 0, 1, 0, 1, 0, 0, 0, 233, 0, 4, 203, 236, 20, 11, 192, 134, 0, 1, 0, 1, 0, 0, 0, 233, 0, 4, 211, 188, 180, 21, 192, 65, 0, 1, 0, 1, 0, 0, 0, 233, 0, 4, 211, 188, 180, 22]",2019-05-20 08:56:28.288684,248,37687,53,-1,-1,-1,-1,-1,-1,-1,-1,-1,"(see below)
----------
-> answers[0]:
layer567.dns.Answer
	name         (2): b'\xc0\x0c' = nog-spk.sktnugu.com.
	type         (H): 0x1 = 1 = 0b1
	cls          (H): 0x1 = 1 = 0b1
	ttl          (I): 0x23D = 573 = 0b1000111101
	dlen         (H): 0x4 = 4 = 0b100
	address      (4): b'\xd3\xbc\x93@' = 211.188.147.64
	bodybytes    (0): b''
----------",-1,1,b'\x042\xf4E\x17\xb3',b'\x886l\xd7\x1cV',-1,-1,-1
2,7088,60,-1,526,-1,163.152.1.1,192.168.0.23,17,Normal,b'\xa8+\xb9\xd6]\x9c',b'\x886l\xd7\x1cV',"Ethernet,IP,UDP,DNS","[168, 43, 185, 214, 93, 156, 136, 54, 108, 215, 28, 86, 8, 0, 69, 0, 2, 14, 60, 201, 0, 0, 60, 17, 218, 189, 163, 152, 1, 1, 192, 168, 0, 23, 0, 53, 232, 151, 1, 250, 247, 34, 207, 57, 129, 128, 0, 1, 0, 9, 0, 4, 0, 6, 3, 100, 108, 115, 2, 100, 105, 5, 97, 116, 108, 97, 115, 7, 115, 97, 109, 115, 117, 110, 103, 3, 99, 111, 109, 0, 0, 1, 0, 1, 192, 12, 0, 5, 0, 1, 0, 3, 158, 36, 0, 59, 27, 101, 108, 98, 45, 112, 45, 100, 99, 45, 100, 108, 115, 45, 97, 110, 50, 45, 49, 55, 56, 53, 55, 50, 55, 54, 50, 49, 14, 97, 112, 45, 110, 111, 114, 116, 104, 101, 97, 115, 116, 45, 50, 3, 101, 108, 98, 9, 97, 109, 97, 122, 111, 110, 97, 119, 115, 192, 33, 192, 54, 0, 1, 0, 1, 0, 0, 0, 8, 0, 4, 13, 209, 102, 114, 192, 54, 0, 1, 0, 1, 0, 0, 0, 8, 0, 4, 13, 209, 178, 7, 192, 54, 0, 1, 0, 1, 0, 0, 0, 8, 0, 4, 13, 125, 164, 66, 192, 54, 0, 1, 0, 1, 0, 0, 0, 8, 0, 4, 13, 209, 228, 209, 192, 54, 0, 1, 0, 1, 0, 0, 0, 8, 0, 4, 13, 125, 162, 71, 192, 54, 0, 1, 0, 1, 0, 0, 0, 8, 0, 4, 13, 209, 202, 139, 192, 54, 0, 1, 0, 1, 0, 0, 0, 8, 0, 4, 13, 209, 33, 122, 192, 54, 0, 1, 0, 1, 0, 0, 0, 8, 0, 4, 13, 125, 169, 20, 192, 82, 0, 2, 0, 1, 0, 0, 3, 136, 0, 25, 7, 110, 115, 45, 49, 53, 54, 54, 9, 97, 119, 115, 100, 110, 115, 45, 48, 51, 2, 99, 111, 2, 117, 107, 0, 192, 82, 0, 2, 0, 1, 0, 0, 3, 136, 0, 22, 6, 110, 115, 45, 57, 53, 51, 9, 97, 119, 115, 100, 110, 115, 45, 53, 53, 3, 110, 101, 116, 0, 192, 82, 0, 2, 0, 1, 0, 0, 3, 136, 0, 23, 7, 110, 115, 45, 49, 51, 49, 50, 9, 97, 119, 115, 100, 110, 115, 45, 51, 54, 3, 111, 114, 103, 0, 192, 82, 0, 2, 0, 1, 0, 0, 3, 136, 0, 19, 6, 110, 115, 45, 49, 51, 56, 9, 97, 119, 115, 100, 110, 115, 45, 49, 55, 192, 33, 193, 103, 0, 1, 0, 1, 0, 2, 76, 147, 0, 4, 205, 251, 192, 138, 193, 34, 0, 1, 0, 1, 0, 2, 76, 165, 0, 4, 205, 251, 195, 185, 193, 68, 0, 1, 0, 1, 0, 2, 76, 194, 0, 4, 205, 251, 197, 32, 192, 253, 0, 1, 0, 1, 0, 2, 76, 146, 0, 4, 205, 251, 198, 30, 193, 103, 0, 28, 0, 1, 0, 2, 76, 147, 0, 16, 38, 0, 144, 0, 83, 0, 138, 0, 0, 0, 0, 0, 0, 0, 0, 1, 193, 34, 0, 28, 0, 1, 0, 2, 76, 165, 0, 16, 38, 0, 144, 0, 83, 3, 185, 0, 0, 0, 0, 0, 0, 0, 0, 1]",2019-05-20 08:56:30.900149,540,59543,53,-1,-1,-1,-1,-1,-1,-1,-1,-1,"(see below)
----------
-> answers[0]:
layer567.dns.Answer
	name         (2): b'\xc0\x0c' = dls.di.atlas.samsung.com.
	type         (H): 0x5 = 5 = 0b101
	cls          (H): 0x1 = 1 = 0b1
	ttl          (I): 0x39E24 = 237092 = 0b111001111000100100
	dlen         (H): 0x3B = 59 = 0b111011
	address     (59): b'\x1belb-p-dc-dls-an2-1785727621\x0eap-northeast-2\x03elb\tamazonaws\xc0!' = elb-p-dc-dls-an2-1785727621.ap-northeast-2.elb.amazonaws.
	bodybytes    (0): b''
-> answers[1]:
layer567.dns.Answer
	name         (2): b'\xc06' = elb-p-dc-dls-an2-1785727621.ap-northeast-2.elb.amazonaws.com.
	type         (H): 0x1 = 1 = 0b1
	cls          (H): 0x1 = 1 = 0b1
	ttl          (I): 0x8 = 8 = 0b1000
	dlen         (H): 0x4 = 4 = 0b100
	address      (4): b'\r\xd1fr' = 13.209.102.114
	bodybytes    (0): b''
-> answers[2]:
layer567.dns.Answer
	name         (2): b'\xc06' = elb-p-dc-dls-an2-1785727621.ap-northeast-2.elb.amazonaws.com.
	type         (H): 0x1 = 1 = 0b1
	cls          (H): 0x1 = 1 = 0b1
	ttl          (I): 0x8 = 8 = 0b1000
	dlen         (H): 0x4 = 4 = 0b100
	address      (4): b'\r\xd1\xb2\x07' = 13.209.178.7
	bodybytes    (0): b''
-> answers[3]:
layer567.dns.Answer
	name         (2): b'\xc06' = elb-p-dc-dls-an2-1785727621.ap-northeast-2.elb.amazonaws.com.
	type         (H): 0x1 = 1 = 0b1
	cls          (H): 0x1 = 1 = 0b1
	ttl          (I): 0x8 = 8 = 0b1000
	dlen         (H): 0x4 = 4 = 0b100
	address      (4): b'\r}\xa4B' = 13.125.164.66
	bodybytes    (0): b''
-> answers[4]:
layer567.dns.Answer
	name         (2): b'\xc06' = elb-p-dc-dls-an2-1785727621.ap-northeast-2.elb.amazonaws.com.
	type         (H): 0x1 = 1 = 0b1
	cls          (H): 0x1 = 1 = 0b1
	ttl          (I): 0x8 = 8 = 0b1000
	dlen         (H): 0x4 = 4 = 0b100
	address      (4): b'\r\xd1\xe4\xd1' = 13.209.228.209
	bodybytes    (0): b''
-> answers[5]:
layer567.dns.Answer
	name         (2): b'\xc06' = elb-p-dc-dls-an2-1785727621.ap-northeast-2.elb.amazonaws.com.
	type         (H): 0x1 = 1 = 0b1
	cls          (H): 0x1 = 1 = 0b1
	ttl          (I): 0x8 = 8 = 0b1000
	dlen         (H): 0x4 = 4 = 0b100
	address      (4): b'\r}\xa2G' = 13.125.162.71
	bodybytes    (0): b''
-> answers[6]:
layer567.dns.Answer
	name         (2): b'\xc06' = elb-p-dc-dls-an2-1785727621.ap-northeast-2.elb.amazonaws.com.
	type         (H): 0x1 = 1 = 0b1
	cls          (H): 0x1 = 1 = 0b1
	ttl          (I): 0x8 = 8 = 0b1000
	dlen         (H): 0x4 = 4 = 0b100
	address      (4): b'\r\xd1\xca\x8b' = 13.209.202.139
	bodybytes    (0): b''
-> answers[7]:
layer567.dns.Answer
	name         (2): b'\xc06' = elb-p-dc-dls-an2-1785727621.ap-northeast-2.elb.amazonaws.com.
	type         (H): 0x1 = 1 = 0b1
	cls          (H): 0x1 = 1 = 0b1
	ttl          (I): 0x8 = 8 = 0b1000
	dlen         (H): 0x4 = 4 = 0b100
	address      (4): b'\r\xd1!z' = 13.209.33.122
	bodybytes    (0): b''
-> answers[8]:
layer567.dns.Answer
	name         (2): b'\xc06' = elb-p-dc-dls-an2-1785727621.ap-northeast-2.elb.amazonaws.com.
	type         (H): 0x1 = 1 = 0b1
	cls          (H): 0x1 = 1 = 0b1
	ttl          (I): 0x8 = 8 = 0b1000
	dlen         (H): 0x4 = 4 = 0b100
	address      (4): b'\r}\xa9\x14' = 13.125.169.20
	bodybytes    (0): b''
----------",-1,9,b'\xa8+\xb9\xd6]\x9c',b'\x886l\xd7\x1cV',-1,-1,-1
3,8243,60,-1,259,-1,163.152.1.1,192.168.0.23,17,Normal,b'\xa8+\xb9\xd6]\x9c',b'\x886l\xd7\x1cV',"Ethernet,IP,UDP,DNS","[168, 43, 185, 214, 93, 156, 136, 54, 108, 215, 28, 86, 8, 0, 69, 0, 1, 3, 60, 202, 0, 0, 60, 17, 219, 199, 163, 152, 1, 1, 192, 168, 0, 23, 0, 53, 5, 167, 0, 239, 112, 22, 180, 112, 129, 128, 0, 1, 0, 1, 0, 5, 0, 5, 4, 110, 117, 103, 117, 8, 112, 111, 100, 98, 98, 97, 110, 103, 3, 99, 111, 109, 0, 0, 1, 0, 1, 192, 12, 0, 1, 0, 1, 0, 0, 1, 44, 0, 4, 14, 129, 200, 42, 192, 17, 0, 2, 0, 1, 0, 2, 107, 65, 0, 13, 4, 110, 115, 54, 57, 5, 100, 110, 115, 122, 105, 192, 26, 192, 17, 0, 2, 0, 1, 0, 2, 107, 65, 0, 7, 4, 110, 115, 49, 50, 192, 68, 192, 17, 0, 2, 0, 1, 0, 2, 107, 65, 0, 7, 4, 110, 115, 53, 57, 192, 68, 192, 17, 0, 2, 0, 1, 0, 2, 107, 65, 0, 7, 4, 110, 115, 51, 53, 192, 68, 192, 17, 0, 2, 0, 1, 0, 2, 107, 65, 0, 6, 3, 110, 115, 49, 192, 68, 192, 145, 0, 1, 0, 1, 0, 2, 107, 65, 0, 4, 115, 71, 240, 4, 192, 88, 0, 1, 0, 1, 0, 2, 107, 65, 0, 4, 27, 1, 16, 75, 192, 126, 0, 1, 0, 1, 0, 2, 107, 65, 0, 4, 58, 120, 225, 170, 192, 107, 0, 1, 0, 1, 0, 2, 107, 65, 0, 4, 121, 78, 72, 34, 192, 63, 0, 1, 0, 1, 0, 2, 107, 65, 0, 4, 115, 71, 242, 12]",2019-05-20 08:56:33.632138,273,1447,53,-1,-1,-1,-1,-1,-1,-1,-1,-1,"(see below)
----------
-> answers[0]:
layer567.dns.Answer
	name         (2): b'\xc0\x0c' = nugu.podbbang.com.
	type         (H): 0x1 = 1 = 0b1
	cls          (H): 0x1 = 1 = 0b1
	ttl          (I): 0x12C = 300 = 0b100101100
	dlen         (H): 0x4 = 4 = 0b100
	address      (4): b'\x0e\x81\xc8*' = 14.129.200.42
	bodybytes    (0): b''
----------",-1,1,b'\xa8+\xb9\xd6]\x9c',b'\x886l\xd7\x1cV',-1,-1,-1
4,8356,60,-1,453,-1,163.152.1.1,192.168.0.23,17,Normal,b'\xa8+\xb9\xd6]\x9c',b'\x886l\xd7\x1cV',"Ethernet,IP,UDP,DNS","[168, 43, 185, 214, 93, 156, 136, 54, 108, 215, 28, 86, 8, 0, 69, 0, 1, 197, 60, 203, 0, 0, 60, 17, 219, 4, 163, 152, 1, 1, 192, 168, 0, 23, 0, 53, 247, 169, 1, 177, 46, 150, 247, 142, 129, 128, 0, 1, 0, 3, 0, 8, 0, 9, 3, 105, 109, 103, 8, 112, 111, 100, 98, 98, 97, 110, 103, 3, 99, 111, 109, 0, 0, 1, 0, 1, 192, 12, 0, 5, 0, 1, 0, 0, 0, 151, 0, 30, 3, 105, 109, 103, 8, 112, 111, 100, 98, 98, 97, 110, 103, 3, 99, 111, 109, 7, 101, 100, 103, 101, 107, 101, 121, 3, 110, 101, 116, 0, 192, 46, 0, 5, 0, 1, 0, 0, 44, 190, 0, 21, 5, 101, 49, 49, 51, 49, 1, 102, 10, 97, 107, 97, 109, 97, 105, 101, 100, 103, 101, 192, 71, 192, 88, 0, 1, 0, 1, 0, 0, 0, 20, 0, 4, 104, 76, 84, 32, 192, 94, 0, 2, 0, 1, 0, 0, 11, 219, 0, 6, 3, 110, 54, 102, 192, 96, 192, 94, 0, 2, 0, 1, 0, 0, 11, 219, 0, 6, 3, 110, 48, 102, 192, 96, 192, 94, 0, 2, 0, 1, 0, 0, 11, 219, 0, 6, 3, 110, 49, 102, 192, 96, 192, 94, 0, 2, 0, 1, 0, 0, 11, 219, 0, 6, 3, 110, 53, 102, 192, 96, 192, 94, 0, 2, 0, 1, 0, 0, 11, 219, 0, 6, 3, 110, 55, 102, 192, 96, 192, 94, 0, 2, 0, 1, 0, 0, 11, 219, 0, 6, 3, 110, 52, 102, 192, 96, 192, 94, 0, 2, 0, 1, 0, 0, 11, 219, 0, 6, 3, 110, 50, 102, 192, 96, 192, 94, 0, 2, 0, 1, 0, 0, 11, 219, 0, 6, 3, 110, 51, 102, 192, 96, 192, 155, 0, 1, 0, 1, 0, 0, 11, 219, 0, 4, 88, 221, 81, 192, 192, 173, 0, 1, 0, 1, 0, 0, 11, 219, 0, 4, 61, 111, 58, 230, 192, 245, 0, 1, 0, 1, 0, 0, 11, 219, 0, 4, 61, 111, 58, 224, 193, 7, 0, 1, 0, 1, 0, 0, 11, 219, 0, 4, 61, 111, 58, 226, 192, 227, 0, 1, 0, 1, 0, 0, 11, 219, 0, 4, 61, 111, 58, 228, 192, 191, 0, 1, 0, 1, 0, 0, 11, 219, 0, 4, 23, 65, 188, 54, 192, 137, 0, 1, 0, 1, 0, 0, 11, 219, 0, 4, 23, 59, 151, 103, 192, 209, 0, 1, 0, 1, 0, 0, 11, 219, 0, 4, 61, 111, 58, 227, 192, 155, 0, 28, 0, 1, 0, 0, 11, 219, 0, 16, 38, 0, 20, 128, 232, 0, 0, 0, 0, 0, 0, 0, 0, 0, 0, 192]",2019-05-20 08:56:33.733859,467,63401,53,-1,-1,-1,-1,-1,-1,-1,-1,-1,"(see below)
----------
-> answers[0]:
layer567.dns.Answer
	name         (2): b'\xc0\x0c' = img.podbbang.com.
	type         (H): 0x5 = 5 = 0b101
	cls          (H): 0x1 = 1 = 0b1
	ttl          (I): 0x97 = 151 = 0b10010111
	dlen         (H): 0x1E = 30 = 0b11110
	address     (30): b'\x03img\x08podbbang\x03com\x07edgekey\x03net\x00' = img.podbbang.com.edgekey.net.
	bodybytes    (0): b''
-> answers[1]:
layer567.dns.Answer
	name         (2): b'\xc0.' = img.podbbang.com.edgekey.net.
	type         (H): 0x5 = 5 = 0b101
	cls          (H): 0x1 = 1 = 0b1
	ttl          (I): 0x2CBE = 11454 = 0b10110010111110
	dlen         (H): 0x15 = 21 = 0b10101
	address     (21): b'\x05e1131\x01f\nakamaiedge\xc0G' = e1131.f.akamaiedge.
	bodybytes    (0): b''
-> answers[2]:
layer567.dns.Answer
	name         (2): b'\xc0X' = e1131.f.akamaiedge.net.
	type         (H): 0x1 = 1 = 0b1
	cls          (H): 0x1 = 1 = 0b1
	ttl          (I): 0x14 = 20 = 0b10100
	dlen         (H): 0x4 = 4 = 0b100
	address      (4): b'hLT ' = 104.76.84.32
	bodybytes    (0): b''
----------",-1,3,b'\xa8+\xb9\xd6]\x9c',b'\x886l\xd7\x1cV',-1,-1,-1
5,13377,60,-1,161,-1,163.152.1.1,192.168.0.23,17,Normal,b'\xa8+\xb9\xd6]\x9c',b'\x886l\xd7\x1cV',"Ethernet,IP,UDP,DNS","[168, 43, 185, 214, 93, 156, 136, 54, 108, 215, 28, 86, 8, 0, 69, 0, 0, 161, 60, 204, 0, 0, 60, 17, 220, 39, 163, 152, 1, 1, 192, 168, 0, 23, 0, 53, 150, 214, 0, 141, 98, 30, 179, 219, 129, 128, 0, 1, 0, 1, 0, 2, 0, 2, 3, 99, 99, 115, 8, 111, 110, 101, 115, 116, 111, 114, 101, 2, 99, 111, 2, 107, 114, 0, 0, 1, 0, 1, 192, 12, 0, 1, 0, 1, 0, 0, 0, 127, 0, 4, 211, 188, 204, 21, 192, 16, 0, 2, 0, 1, 0, 0, 252, 80, 0, 19, 3, 110, 115, 49, 12, 111, 110, 101, 115, 116, 111, 114, 101, 99, 111, 114, 112, 192, 28, 192, 16, 0, 2, 0, 1, 0, 0, 252, 80, 0, 6, 3, 110, 115, 50, 192, 68, 192, 64, 0, 1, 0, 1, 0, 0, 0, 204, 0, 4, 211, 188, 200, 243, 192, 95, 0, 1, 0, 1, 0, 0, 0, 204, 0, 4, 211, 188, 203, 24]",2019-05-20 08:56:41.054966,175,38614,53,-1,-1,-1,-1,-1,-1,-1,-1,-1,"(see below)
----------
-> answers[0]:
layer567.dns.Answer
	name         (2): b'\xc0\x0c' = ccs.onestore.co.kr.
	type         (H): 0x1 = 1 = 0b1
	cls          (H): 0x1 = 1 = 0b1
	ttl          (I): 0x7F = 127 = 0b1111111
	dlen         (H): 0x4 = 4 = 0b100
	address      (4): b'\xd3\xbc\xcc\x15' = 211.188.204.21
	bodybytes    (0): b''
----------",-1,1,b'\xa8+\xb9\xd6]\x9c',b'\x886l\xd7\x1cV',-1,-1,-1
6,13812,60,-1,324,-1,163.152.1.1,192.168.0.23,17,Normal,b'\xa8+\xb9\xd6]\x9c',b'\x886l\xd7\x1cV',"Ethernet,IP,UDP,DNS","[168, 43, 185, 214, 93, 156, 136, 54, 108, 215, 28, 86, 8, 0, 69, 0, 1, 68, 60, 205, 0, 0, 60, 17, 219, 131, 163, 152, 1, 1, 192, 168, 0, 23, 0, 53, 231, 115, 1, 48, 203, 157, 132, 53, 129, 128, 0, 1, 0, 1, 0, 4, 0, 8, 3, 119, 119, 119, 6, 103, 111, 111, 103, 108, 101, 3, 99, 111, 109, 0, 0, 1, 0, 1, 192, 12, 0, 1, 0, 1, 0, 0, 0, 188, 0, 4, 172, 217, 26, 36, 192, 16, 0, 2, 0, 1, 0, 2, 76, 38, 0, 6, 3, 110, 115, 49, 192, 16, 192, 16, 0, 2, 0, 1, 0, 2, 76, 38, 0, 6, 3, 110, 115, 52, 192, 16, 192, 16, 0, 2, 0, 1, 0, 2, 76, 38, 0, 6, 3, 110, 115, 51, 192, 16, 192, 16, 0, 2, 0, 1, 0, 2, 76, 38, 0, 6, 3, 110, 115, 50, 192, 16, 192, 60, 0, 1, 0, 1, 0, 2, 110, 63, 0, 4, 216, 239, 32, 10, 192, 114, 0, 1, 0, 1, 0, 2, 110, 63, 0, 4, 216, 239, 34, 10, 192, 96, 0, 1, 0, 1, 0, 2, 110, 63, 0, 4, 216, 239, 36, 10, 192, 78, 0, 1, 0, 1, 0, 2, 110, 63, 0, 4, 216, 239, 38, 10, 192, 60, 0, 28, 0, 1, 0, 1, 118, 232, 0, 16, 32, 1, 72, 96, 72, 2, 0, 50, 0, 0, 0, 0, 0, 0, 0, 10, 192, 114, 0, 28, 0, 1, 0, 1, 118, 232, 0, 16, 32, 1, 72, 96, 72, 2, 0, 52, 0, 0, 0, 0, 0, 0, 0, 10, 192, 96, 0, 28, 0, 1, 0, 2, 176, 135, 0, 16, 32, 1, 72, 96, 72, 2, 0, 54, 0, 0, 0, 0, 0, 0, 0, 10, 192, 78, 0, 28, 0, 1, 0, 2, 176, 135, 0, 16, 32, 1, 72, 96, 72, 2, 0, 56, 0, 0, 0, 0, 0, 0, 0, 10]",2019-05-20 08:56:41.482633,338,59251,53,-1,-1,-1,-1,-1,-1,-1,-1,-1,"(see below)
----------
-> answers[0]:
layer567.dns.Answer
	name         (2): b'\xc0\x0c' = www.google.com.
	type         (H): 0x1 = 1 = 0b1
	cls          (H): 0x1 = 1 = 0b1
	ttl          (I): 0xBC = 188 = 0b10111100
	dlen         (H): 0x4 = 4 = 0b100
	address      (4): b'\xac\xd9\x1a$' = 172.217.26.36
	bodybytes    (0): b''
----------",-1,1,b'\xa8+\xb9\xd6]\x9c',b'\x886l\xd7\x1cV',-1,-1,-1
7,13813,58,-1,324,-1,163.152.11.6,192.168.0.23,17,Normal,b'\xa8+\xb9\xd6]\x9c',b'\x886l\xd7\x1cV',"Ethernet,IP,UDP,DNS","[168, 43, 185, 214, 93, 156, 136, 54, 108, 215, 28, 86, 8, 0, 69, 0, 1, 68, 131, 242, 0, 0, 58, 17, 140, 89, 163, 152, 11, 6, 192, 168, 0, 23, 0, 53, 158, 183, 1, 48, 191, 67, 65, 171, 129, 128, 0, 1, 0, 1, 0, 4, 0, 8, 3, 119, 119, 119, 6, 103, 111, 111, 103, 108, 101, 3, 99, 111, 109, 0, 0, 1, 0, 1, 192, 12, 0, 1, 0, 1, 0, 0, 0, 27, 0, 4, 172, 217, 25, 68, 192, 16, 0, 2, 0, 1, 0, 1, 36, 167, 0, 6, 3, 110, 115, 50, 192, 16, 192, 16, 0, 2, 0, 1, 0, 1, 36, 167, 0, 6, 3, 110, 115, 52, 192, 16, 192, 16, 0, 2, 0, 1, 0, 1, 36, 167, 0, 6, 3, 110, 115, 49, 192, 16, 192, 16, 0, 2, 0, 1, 0, 1, 36, 167, 0, 6, 3, 110, 115, 51, 192, 16, 192, 96, 0, 1, 0, 1, 0, 1, 38, 160, 0, 4, 216, 239, 32, 10, 192, 60, 0, 1, 0, 1, 0, 1, 38, 160, 0, 4, 216, 239, 34, 10, 192, 114, 0, 1, 0, 1, 0, 1, 38, 160, 0, 4, 216, 239, 36, 10, 192, 78, 0, 1, 0, 1, 0, 1, 38, 160, 0, 4, 216, 239, 38, 10, 192, 96, 0, 28, 0, 1, 0, 1, 38, 160, 0, 16, 32, 1, 72, 96, 72, 2, 0, 50, 0, 0, 0, 0, 0, 0, 0, 10, 192, 60, 0, 28, 0, 1, 0, 1, 38, 160, 0, 16, 32, 1, 72, 96, 72, 2, 0, 52, 0, 0, 0, 0, 0, 0, 0, 10, 192, 114, 0, 28, 0, 1, 0, 1, 38, 160, 0, 16, 32, 1, 72, 96, 72, 2, 0, 54, 0, 0, 0, 0, 0, 0, 0, 10, 192, 78, 0, 28, 0, 1, 0, 1, 38, 160, 0, 16, 32, 1, 72, 96, 72, 2, 0, 56, 0, 0, 0, 0, 0, 0, 0, 10]",2019-05-20 08:56:41.482777,338,40631,53,-1,-1,-1,-1,-1,-1,-1,-1,-1,"(see below)
----------
-> answers[0]:
layer567.dns.Answer
	name         (2): b'\xc0\x0c' = www.google.com.
	type         (H): 0x1 = 1 = 0b1
	cls          (H): 0x1 = 1 = 0b1
	ttl          (I): 0x1B = 27 = 0b11011
	dlen         (H): 0x4 = 4 = 0b100
	address      (4): b'\xac\xd9\x19D' = 172.217.25.68
	bodybytes    (0): b''
----------",-1,1,b'\xa8+\xb9\xd6]\x9c',b'\x886l\xd7\x1cV',-1,-1,-1
8,17316,255,-1,278,-1,192.168.0.23,224.0.0.251,17,Normal,b'\xa8f\x7f\x0e?T',b'\xa8+\xb9\xd6]\x9c',"Ethernet,IP,UDP,DNS","[168, 102, 127, 14, 63, 84, 168, 43, 185, 214, 93, 156, 8, 0, 69, 0, 1, 22, 47, 191, 64, 0, 255, 17, 169, 92, 192, 168, 0, 23, 224, 0, 0, 251, 20, 233, 20, 233, 1, 2, 45, 57, 0, 0, 132, 0, 0, 0, 0, 4, 0, 0, 0, 3, 2, 50, 51, 1, 48, 3, 49, 54, 56, 3, 49, 57, 50, 7, 105, 110, 45, 97, 100, 100, 114, 4, 97, 114, 112, 97, 0, 0, 12, 128, 1, 0, 0, 0, 120, 0, 19, 11, 65, 110, 100, 114, 111, 105, 100, 45, 49, 48, 51, 5, 108, 111, 99, 97, 108, 0, 1, 69, 1, 52, 1, 65, 1, 55, 1, 56, 1, 48, 1, 67, 1, 68, 1, 53, 1, 66, 1, 67, 1, 53, 1, 69, 1, 67, 1, 66, 1, 56, 1, 48, 1, 48, 1, 48, 1, 48, 1, 48, 1, 48, 1, 48, 1, 48, 1, 48, 1, 48, 1, 48, 1, 48, 1, 48, 1, 56, 1, 69, 1, 70, 3, 105, 112, 54, 192, 33, 0, 12, 128, 1, 0, 0, 0, 120, 0, 2, 192, 49, 192, 49, 0, 1, 128, 1, 0, 0, 0, 120, 0, 4, 192, 168, 0, 23, 192, 49, 0, 28, 128, 1, 0, 0, 0, 120, 0, 16, 254, 128, 0, 0, 0, 0, 0, 0, 139, 206, 92, 181, 220, 8, 122, 78, 192, 12, 0, 47, 128, 1, 0, 0, 0, 120, 0, 6, 192, 12, 0, 2, 0, 8, 192, 68, 0, 47, 128, 1, 0, 0, 0, 120, 0, 6, 192, 68, 0, 2, 0, 8, 192, 49, 0, 47, 128, 1, 0, 0, 0, 120, 0, 8, 192, 49, 0, 4, 64, 0, 0, 8]",2019-05-20 08:56:46.671161,292,5353,5353,-1,-1,-1,-1,-1,-1,-1,-1,-1,"(see below)
----------
-> answers[0]:
layer567.dns.Answer
	name        (27): b'\x0223\x010\x03168\x03192\x07in-addr\x04arpa\x00' = 23.0.168.192.in-addr.arpa.
	type         (H): 0xC = 12 = 0b1100
	cls          (H): 0x8001 = 32769 = 0b1000000000000001
	ttl          (I): 0x78 = 120 = 0b1111000
	dlen         (H): 0x13 = 19 = 0b10011
	address     (19): b'\x0bAndroid-103\x05local\x00' = 
	bodybytes    (0): b''
-> answers[1]:
layer567.dns.Answer
	name        (70): b'\x01E\x014\x01A\x017\x018\x010\x01C\x01D\x015\x01B\x01C\x015\x01E\x01C\x01B\x018\x010\x010\x010\x010\x010\x010\x010\x010\x010\x010\x010\x010\x010\x018\x01E\x01F\x03ip6\xc0!' = E.4.A.7.8.0.C.D.5.B.C.5.E.C.B.8.0.0.0.0.0.0.0.0.0.0.0.0.0.8.E.F.ip6.arpa.
	type         (H): 0xC = 12 = 0b1100
	cls          (H): 0x8001 = 32769 = 0b1000000000000001
	ttl          (I): 0x78 = 120 = 0b1111000
	dlen         (H): 0x2 = 2 = 0b10
	address      (2): b'\xc01' = 
	bodybytes    (0): b''
-> answers[2]:
layer567.dns.Answer
	name         (2): b'\xc01' = Android-103.local.
	type         (H): 0x1 = 1 = 0b1
	cls          (H): 0x8001 = 32769 = 0b1000000000000001
	ttl          (I): 0x78 = 120 = 0b1111000
	dlen         (H): 0x4 = 4 = 0b100
	address      (4): b'\xc0\xa8\x00\x17' = 192.168.0.23
	bodybytes    (0): b''
-> answers[3]:
layer567.dns.Answer
	name         (2): b'\xc01' = Android-103.local.
	type         (H): 0x1C = 28 = 0b11100
	cls          (H): 0x8001 = 32769 = 0b1000000000000001
	ttl          (I): 0x78 = 120 = 0b1111000
	dlen         (H): 0x10 = 16 = 0b10000
	address     (16): b'\xfe\x80\x00\x00\x00\x00\x00\x00\x8b\xce\\\xb5\xdc\x08zN' = fe80::8bce:5cb5:dc08:7a4e
	bodybytes    (0): b''
----------",-1,4,b'\xa8f\x7f\x0e?T',b'\xa8+\xb9\xd6]\x9c',-1,-1,-1
9,17317,-1,-1,-1,-1,-1,-1,-1,Normal,b'\xa8f\x7f\x0e?T',b'\xa8+\xb9\xd6]\x9c',"Ethernet,IP6,UDP,DNS","[168, 102, 127, 14, 63, 84, 168, 43, 185, 214, 93, 156, 134, 221, 96, 9, 121, 157, 1, 2, 17, 255, 254, 128, 0, 0, 0, 0, 0, 0, 139, 206, 92, 181, 220, 8, 122, 78, 255, 2, 0, 0, 0, 0, 0, 0, 0, 0, 0, 0, 0, 0, 0, 251, 20, 233, 20, 233, 1, 2, 145, 154, 0, 0, 132, 0, 0, 0, 0, 4, 0, 0, 0, 3, 2, 50, 51, 1, 48, 3, 49, 54, 56, 3, 49, 57, 50, 7, 105, 110, 45, 97, 100, 100, 114, 4, 97, 114, 112, 97, 0, 0, 12, 128, 1, 0, 0, 0, 120, 0, 19, 11, 65, 110, 100, 114, 111, 105, 100, 45, 49, 48, 51, 5, 108, 111, 99, 97, 108, 0, 1, 69, 1, 52, 1, 65, 1, 55, 1, 56, 1, 48, 1, 67, 1, 68, 1, 53, 1, 66, 1, 67, 1, 53, 1, 69, 1, 67, 1, 66, 1, 56, 1, 48, 1, 48, 1, 48, 1, 48, 1, 48, 1, 48, 1, 48, 1, 48, 1, 48, 1, 48, 1, 48, 1, 48, 1, 48, 1, 56, 1, 69, 1, 70, 3, 105, 112, 54, 192, 33, 0, 12, 128, 1, 0, 0, 0, 120, 0, 2, 192, 49, 192, 49, 0, 1, 128, 1, 0, 0, 0, 120, 0, 4, 192, 168, 0, 23, 192, 49, 0, 28, 128, 1, 0, 0, 0, 120, 0, 16, 254, 128, 0, 0, 0, 0, 0, 0, 139, 206, 92, 181, 220, 8, 122, 78, 192, 12, 0, 47, 128, 1, 0, 0, 0, 120, 0, 6, 192, 12, 0, 2, 0, 8, 192, 68, 0, 47, 128, 1, 0, 0, 0, 120, 0, 6, 192, 68, 0, 2, 0, 8, 192, 49, 0, 47, 128, 1, 0, 0, 0, 120, 0, 8, 192, 49, 0, 4, 64, 0, 0, 8]",2019-05-20 08:56:46.671277,312,5353,5353,-1,-1,-1,-1,-1,-1,-1,-1,-1,"(see below)
----------
-> answers[0]:
layer567.dns.Answer
	name        (27): b'\x0223\x010\x03168\x03192\x07in-addr\x04arpa\x00' = 23.0.168.192.in-addr.arpa.
	type         (H): 0xC = 12 = 0b1100
	cls          (H): 0x8001 = 32769 = 0b1000000000000001
	ttl          (I): 0x78 = 120 = 0b1111000
	dlen         (H): 0x13 = 19 = 0b10011
	address     (19): b'\x0bAndroid-103\x05local\x00' = 
	bodybytes    (0): b''
-> answers[1]:
layer567.dns.Answer
	name        (70): b'\x01E\x014\x01A\x017\x018\x010\x01C\x01D\x015\x01B\x01C\x015\x01E\x01C\x01B\x018\x010\x010\x010\x010\x010\x010\x010\x010\x010\x010\x010\x010\x010\x018\x01E\x01F\x03ip6\xc0!' = E.4.A.7.8.0.C.D.5.B.C.5.E.C.B.8.0.0.0.0.0.0.0.0.0.0.0.0.0.8.E.F.ip6.arpa.
	type         (H): 0xC = 12 = 0b1100
	cls          (H): 0x8001 = 32769 = 0b1000000000000001
	ttl          (I): 0x78 = 120 = 0b1111000
	dlen         (H): 0x2 = 2 = 0b10
	address      (2): b'\xc01' = 
	bodybytes    (0): b''
-> answers[2]:
layer567.dns.Answer
	name         (2): b'\xc01' = Android-103.local.
	type         (H): 0x1 = 1 = 0b1
	cls          (H): 0x8001 = 32769 = 0b1000000000000001
	ttl          (I): 0x78 = 120 = 0b1111000
	dlen         (H): 0x4 = 4 = 0b100
	address      (4): b'\xc0\xa8\x00\x17' = 192.168.0.23
	bodybytes    (0): b''
-> answers[3]:
layer567.dns.Answer
	name         (2): b'\xc01' = Android-103.local.
	type         (H): 0x1C = 28 = 0b11100
	cls          (H): 0x8001 = 32769 = 0b1000000000000001
	ttl          (I): 0x78 = 120 = 0b1111000
	dlen         (H): 0x10 = 16 = 0b10000
	address     (16): b'\xfe\x80\x00\x00\x00\x00\x00\x00\x8b\xce\\\xb5\xdc\x08zN' = fe80::8bce:5cb5:dc08:7a4e
	bodybytes    (0): b''
----------",-1,4,b'\xa8f\x7f\x0e?T',b'\xa8+\xb9\xd6]\x9c',-1,-1,-1
10,17318,255,-1,278,-1,192.168.0.23,224.0.0.251,17,Normal,b'\xbc\x1c\x81K\xae\xba',b'\xa8+\xb9\xd6]\x9c',"Ethernet,IP,UDP,DNS","[188, 28, 129, 75, 174, 186, 168, 43, 185, 214, 93, 156, 8, 0, 69, 0, 1, 22, 47, 191, 64, 0, 255, 17, 169, 92, 192, 168, 0, 23, 224, 0, 0, 251, 20, 233, 20, 233, 1, 2, 45, 57, 0, 0, 132, 0, 0, 0, 0, 4, 0, 0, 0, 3, 2, 50, 51, 1, 48, 3, 49, 54, 56, 3, 49, 57, 50, 7, 105, 110, 45, 97, 100, 100, 114, 4, 97, 114, 112, 97, 0, 0, 12, 128, 1, 0, 0, 0, 120, 0, 19, 11, 65, 110, 100, 114, 111, 105, 100, 45, 49, 48, 51, 5, 108, 111, 99, 97, 108, 0, 1, 69, 1, 52, 1, 65, 1, 55, 1, 56, 1, 48, 1, 67, 1, 68, 1, 53, 1, 66, 1, 67, 1, 53, 1, 69, 1, 67, 1, 66, 1, 56, 1, 48, 1, 48, 1, 48, 1, 48, 1, 48, 1, 48, 1, 48, 1, 48, 1, 48, 1, 48, 1, 48, 1, 48, 1, 48, 1, 56, 1, 69, 1, 70, 3, 105, 112, 54, 192, 33, 0, 12, 128, 1, 0, 0, 0, 120, 0, 2, 192, 49, 192, 49, 0, 1, 128, 1, 0, 0, 0, 120, 0, 4, 192, 168, 0, 23, 192, 49, 0, 28, 128, 1, 0, 0, 0, 120, 0, 16, 254, 128, 0, 0, 0, 0, 0, 0, 139, 206, 92, 181, 220, 8, 122, 78, 192, 12, 0, 47, 128, 1, 0, 0, 0, 120, 0, 6, 192, 12, 0, 2, 0, 8, 192, 68, 0, 47, 128, 1, 0, 0, 0, 120, 0, 6, 192, 68, 0, 2, 0, 8, 192, 49, 0, 47, 128, 1, 0, 0, 0, 120, 0, 8, 192, 49, 0, 4, 64, 0, 0, 8]",2019-05-20 08:56:46.671490,292,5353,5353,-1,-1,-1,-1,-1,-1,-1,-1,-1,"(see below)
----------
-> answers[0]:
layer567.dns.Answer
	name        (27): b'\x0223\x010\x03168\x03192\x07in-addr\x04arpa\x00' = 23.0.168.192.in-addr.arpa.
	type         (H): 0xC = 12 = 0b1100
	cls          (H): 0x8001 = 32769 = 0b1000000000000001
	ttl          (I): 0x78 = 120 = 0b1111000
	dlen         (H): 0x13 = 19 = 0b10011
	address     (19): b'\x0bAndroid-103\x05local\x00' = 
	bodybytes    (0): b''
-> answers[1]:
layer567.dns.Answer
	name        (70): b'\x01E\x014\x01A\x017\x018\x010\x01C\x01D\x015\x01B\x01C\x015\x01E\x01C\x01B\x018\x010\x010\x010\x010\x010\x010\x010\x010\x010\x010\x010\x010\x010\x018\x01E\x01F\x03ip6\xc0!' = E.4.A.7.8.0.C.D.5.B.C.5.E.C.B.8.0.0.0.0.0.0.0.0.0.0.0.0.0.8.E.F.ip6.arpa.
	type         (H): 0xC = 12 = 0b1100
	cls          (H): 0x8001 = 32769 = 0b1000000000000001
	ttl          (I): 0x78 = 120 = 0b1111000
	dlen         (H): 0x2 = 2 = 0b10
	address      (2): b'\xc01' = 
	bodybytes    (0): b''
-> answers[2]:
layer567.dns.Answer
	name         (2): b'\xc01' = Android-103.local.
	type         (H): 0x1 = 1 = 0b1
	cls          (H): 0x8001 = 32769 = 0b1000000000000001
	ttl          (I): 0x78 = 120 = 0b1111000
	dlen         (H): 0x4 = 4 = 0b100
	address      (4): b'\xc0\xa8\x00\x17' = 192.168.0.23
	bodybytes    (0): b''
-> answers[3]:
layer567.dns.Answer
	name         (2): b'\xc01' = Android-103.local.
	type         (H): 0x1C = 28 = 0b11100
	cls          (H): 0x8001 = 32769 = 0b1000000000000001
	ttl          (I): 0x78 = 120 = 0b1111000
	dlen         (H): 0x10 = 16 = 0b10000
	address     (16): b'\xfe\x80\x00\x00\x00\x00\x00\x00\x8b\xce\\\xb5\xdc\x08zN' = fe80::8bce:5cb5:dc08:7a4e
	bodybytes    (0): b''
----------",-1,4,b'\xbc\x1c\x81K\xae\xba',b'\xa8+\xb9\xd6]\x9c',-1,-1,-1
11,17319,-1,-1,-1,-1,-1,-1,-1,Normal,b'\xbc\x1c\x81K\xae\xba',b'\xa8+\xb9\xd6]\x9c',"Ethernet,IP6,UDP,DNS","[188, 28, 129, 75, 174, 186, 168, 43, 185, 214, 93, 156, 134, 221, 96, 9, 121, 157, 1, 2, 17, 255, 254, 128, 0, 0, 0, 0, 0, 0, 139, 206, 92, 181, 220, 8, 122, 78, 255, 2, 0, 0, 0, 0, 0, 0, 0, 0, 0, 0, 0, 0, 0, 251, 20, 233, 20, 233, 1, 2, 145, 154, 0, 0, 132, 0, 0, 0, 0, 4, 0, 0, 0, 3, 2, 50, 51, 1, 48, 3, 49, 54, 56, 3, 49, 57, 50, 7, 105, 110, 45, 97, 100, 100, 114, 4, 97, 114, 112, 97, 0, 0, 12, 128, 1, 0, 0, 0, 120, 0, 19, 11, 65, 110, 100, 114, 111, 105, 100, 45, 49, 48, 51, 5, 108, 111, 99, 97, 108, 0, 1, 69, 1, 52, 1, 65, 1, 55, 1, 56, 1, 48, 1, 67, 1, 68, 1, 53, 1, 66, 1, 67, 1, 53, 1, 69, 1, 67, 1, 66, 1, 56, 1, 48, 1, 48, 1, 48, 1, 48, 1, 48, 1, 48, 1, 48, 1, 48, 1, 48, 1, 48, 1, 48, 1, 48, 1, 48, 1, 56, 1, 69, 1, 70, 3, 105, 112, 54, 192, 33, 0, 12, 128, 1, 0, 0, 0, 120, 0, 2, 192, 49, 192, 49, 0, 1, 128, 1, 0, 0, 0, 120, 0, 4, 192, 168, 0, 23, 192, 49, 0, 28, 128, 1, 0, 0, 0, 120, 0, 16, 254, 128, 0, 0, 0, 0, 0, 0, 139, 206, 92, 181, 220, 8, 122, 78, 192, 12, 0, 47, 128, 1, 0, 0, 0, 120, 0, 6, 192, 12, 0, 2, 0, 8, 192, 68, 0, 47, 128, 1, 0, 0, 0, 120, 0, 6, 192, 68, 0, 2, 0, 8, 192, 49, 0, 47, 128, 1, 0, 0, 0, 120, 0, 8, 192, 49, 0, 4, 64, 0, 0, 8]",2019-05-20 08:56:46.671572,312,5353,5353,-1,-1,-1,-1,-1,-1,-1,-1,-1,"(see below)
----------
-> answers[0]:
layer567.dns.Answer
	name        (27): b'\x0223\x010\x03168\x03192\x07in-addr\x04arpa\x00' = 23.0.168.192.in-addr.arpa.
	type         (H): 0xC = 12 = 0b1100
	cls          (H): 0x8001 = 32769 = 0b1000000000000001
	ttl          (I): 0x78 = 120 = 0b1111000
	dlen         (H): 0x13 = 19 = 0b10011
	address     (19): b'\x0bAndroid-103\x05local\x00' = 
	bodybytes    (0): b''
-> answers[1]:
layer567.dns.Answer
	name        (70): b'\x01E\x014\x01A\x017\x018\x010\x01C\x01D\x015\x01B\x01C\x015\x01E\x01C\x01B\x018\x010\x010\x010\x010\x010\x010\x010\x010\x010\x010\x010\x010\x010\x018\x01E\x01F\x03ip6\xc0!' = E.4.A.7.8.0.C.D.5.B.C.5.E.C.B.8.0.0.0.0.0.0.0.0.0.0.0.0.0.8.E.F.ip6.arpa.
	type         (H): 0xC = 12 = 0b1100
	cls          (H): 0x8001 = 32769 = 0b1000000000000001
	ttl          (I): 0x78 = 120 = 0b1111000
	dlen         (H): 0x2 = 2 = 0b10
	address      (2): b'\xc01' = 
	bodybytes    (0): b''
-> answers[2]:
layer567.dns.Answer
	name         (2): b'\xc01' = Android-103.local.
	type         (H): 0x1 = 1 = 0b1
	cls          (H): 0x8001 = 32769 = 0b1000000000000001
	ttl          (I): 0x78 = 120 = 0b1111000
	dlen         (H): 0x4 = 4 = 0b100
	address      (4): b'\xc0\xa8\x00\x17' = 192.168.0.23
	bodybytes    (0): b''
-> answers[3]:
layer567.dns.Answer
	name         (2): b'\xc01' = Android-103.local.
	type         (H): 0x1C = 28 = 0b11100
	cls          (H): 0x8001 = 32769 = 0b1000000000000001
	ttl          (I): 0x78 = 120 = 0b1111000
	dlen         (H): 0x10 = 16 = 0b10000
	address     (16): b'\xfe\x80\x00\x00\x00\x00\x00\x00\x8b\xce\\\xb5\xdc\x08zN' = fe80::8bce:5cb5:dc08:7a4e
	bodybytes    (0): b''
----------",-1,4,b'\xbc\x1c\x81K\xae\xba',b'\xa8+\xb9\xd6]\x9c',-1,-1,-1
12,17320,255,-1,278,-1,192.168.0.23,224.0.0.251,17,Normal,"b'HK\xaa,\xd8\xf9'",b'\xa8+\xb9\xd6]\x9c',"Ethernet,IP,UDP,DNS","[72, 75, 170, 44, 216, 249, 168, 43, 185, 214, 93, 156, 8, 0, 69, 0, 1, 22, 47, 191, 64, 0, 255, 17, 169, 92, 192, 168, 0, 23, 224, 0, 0, 251, 20, 233, 20, 233, 1, 2, 45, 57, 0, 0, 132, 0, 0, 0, 0, 4, 0, 0, 0, 3, 2, 50, 51, 1, 48, 3, 49, 54, 56, 3, 49, 57, 50, 7, 105, 110, 45, 97, 100, 100, 114, 4, 97, 114, 112, 97, 0, 0, 12, 128, 1, 0, 0, 0, 120, 0, 19, 11, 65, 110, 100, 114, 111, 105, 100, 45, 49, 48, 51, 5, 108, 111, 99, 97, 108, 0, 1, 69, 1, 52, 1, 65, 1, 55, 1, 56, 1, 48, 1, 67, 1, 68, 1, 53, 1, 66, 1, 67, 1, 53, 1, 69, 1, 67, 1, 66, 1, 56, 1, 48, 1, 48, 1, 48, 1, 48, 1, 48, 1, 48, 1, 48, 1, 48, 1, 48, 1, 48, 1, 48, 1, 48, 1, 48, 1, 56, 1, 69, 1, 70, 3, 105, 112, 54, 192, 33, 0, 12, 128, 1, 0, 0, 0, 120, 0, 2, 192, 49, 192, 49, 0, 1, 128, 1, 0, 0, 0, 120, 0, 4, 192, 168, 0, 23, 192, 49, 0, 28, 128, 1, 0, 0, 0, 120, 0, 16, 254, 128, 0, 0, 0, 0, 0, 0, 139, 206, 92, 181, 220, 8, 122, 78, 192, 12, 0, 47, 128, 1, 0, 0, 0, 120, 0, 6, 192, 12, 0, 2, 0, 8, 192, 68, 0, 47, 128, 1, 0, 0, 0, 120, 0, 6, 192, 68, 0, 2, 0, 8, 192, 49, 0, 47, 128, 1, 0, 0, 0, 120, 0, 8, 192, 49, 0, 4, 64, 0, 0, 8]",2019-05-20 08:56:46.672457,292,5353,5353,-1,-1,-1,-1,-1,-1,-1,-1,-1,"(see below)
----------
-> answers[0]:
layer567.dns.Answer
	name        (27): b'\x0223\x010\x03168\x03192\x07in-addr\x04arpa\x00' = 23.0.168.192.in-addr.arpa.
	type         (H): 0xC = 12 = 0b1100
	cls          (H): 0x8001 = 32769 = 0b1000000000000001
	ttl          (I): 0x78 = 120 = 0b1111000
	dlen         (H): 0x13 = 19 = 0b10011
	address     (19): b'\x0bAndroid-103\x05local\x00' = 
	bodybytes    (0): b''
-> answers[1]:
layer567.dns.Answer
	name        (70): b'\x01E\x014\x01A\x017\x018\x010\x01C\x01D\x015\x01B\x01C\x015\x01E\x01C\x01B\x018\x010\x010\x010\x010\x010\x010\x010\x010\x010\x010\x010\x010\x010\x018\x01E\x01F\x03ip6\xc0!' = E.4.A.7.8.0.C.D.5.B.C.5.E.C.B.8.0.0.0.0.0.0.0.0.0.0.0.0.0.8.E.F.ip6.arpa.
	type         (H): 0xC = 12 = 0b1100
	cls          (H): 0x8001 = 32769 = 0b1000000000000001
	ttl          (I): 0x78 = 120 = 0b1111000
	dlen         (H): 0x2 = 2 = 0b10
	address      (2): b'\xc01' = 
	bodybytes    (0): b''
-> answers[2]:
layer567.dns.Answer
	name         (2): b'\xc01' = Android-103.local.
	type         (H): 0x1 = 1 = 0b1
	cls          (H): 0x8001 = 32769 = 0b1000000000000001
	ttl          (I): 0x78 = 120 = 0b1111000
	dlen         (H): 0x4 = 4 = 0b100
	address      (4): b'\xc0\xa8\x00\x17' = 192.168.0.23
	bodybytes    (0): b''
-> answers[3]:
layer567.dns.Answer
	name         (2): b'\xc01' = Android-103.local.
	type         (H): 0x1C = 28 = 0b11100
	cls          (H): 0x8001 = 32769 = 0b1000000000000001
	ttl          (I): 0x78 = 120 = 0b1111000
	dlen         (H): 0x10 = 16 = 0b10000
	address     (16): b'\xfe\x80\x00\x00\x00\x00\x00\x00\x8b\xce\\\xb5\xdc\x08zN' = fe80::8bce:5cb5:dc08:7a4e
	bodybytes    (0): b''
----------",-1,4,"b'HK\xaa,\xd8\xf9'",b'\xa8+\xb9\xd6]\x9c',-1,-1,-1
13,17321,-1,-1,-1,-1,-1,-1,-1,Normal,"b'HK\xaa,\xd8\xf9'",b'\xa8+\xb9\xd6]\x9c',"Ethernet,IP6,UDP,DNS","[72, 75, 170, 44, 216, 249, 168, 43, 185, 214, 93, 156, 134, 221, 96, 9, 121, 157, 1, 2, 17, 255, 254, 128, 0, 0, 0, 0, 0, 0, 139, 206, 92, 181, 220, 8, 122, 78, 255, 2, 0, 0, 0, 0, 0, 0, 0, 0, 0, 0, 0, 0, 0, 251, 20, 233, 20, 233, 1, 2, 145, 154, 0, 0, 132, 0, 0, 0, 0, 4, 0, 0, 0, 3, 2, 50, 51, 1, 48, 3, 49, 54, 56, 3, 49, 57, 50, 7, 105, 110, 45, 97, 100, 100, 114, 4, 97, 114, 112, 97, 0, 0, 12, 128, 1, 0, 0, 0, 120, 0, 19, 11, 65, 110, 100, 114, 111, 105, 100, 45, 49, 48, 51, 5, 108, 111, 99, 97, 108, 0, 1, 69, 1, 52, 1, 65, 1, 55, 1, 56, 1, 48, 1, 67, 1, 68, 1, 53, 1, 66, 1, 67, 1, 53, 1, 69, 1, 67, 1, 66, 1, 56, 1, 48, 1, 48, 1, 48, 1, 48, 1, 48, 1, 48, 1, 48, 1, 48, 1, 48, 1, 48, 1, 48, 1, 48, 1, 48, 1, 56, 1, 69, 1, 70, 3, 105, 112, 54, 192, 33, 0, 12, 128, 1, 0, 0, 0, 120, 0, 2, 192, 49, 192, 49, 0, 1, 128, 1, 0, 0, 0, 120, 0, 4, 192, 168, 0, 23, 192, 49, 0, 28, 128, 1, 0, 0, 0, 120, 0, 16, 254, 128, 0, 0, 0, 0, 0, 0, 139, 206, 92, 181, 220, 8, 122, 78, 192, 12, 0, 47, 128, 1, 0, 0, 0, 120, 0, 6, 192, 12, 0, 2, 0, 8, 192, 68, 0, 47, 128, 1, 0, 0, 0, 120, 0, 6, 192, 68, 0, 2, 0, 8, 192, 49, 0, 47, 128, 1, 0, 0, 0, 120, 0, 8, 192, 49, 0, 4, 64, 0, 0, 8]",2019-05-20 08:56:46.672600,312,5353,5353,-1,-1,-1,-1,-1,-1,-1,-1,-1,"(see below)
----------
-> answers[0]:
layer567.dns.Answer
	name        (27): b'\x0223\x010\x03168\x03192\x07in-addr\x04arpa\x00' = 23.0.168.192.in-addr.arpa.
	type         (H): 0xC = 12 = 0b1100
	cls          (H): 0x8001 = 32769 = 0b1000000000000001
	ttl          (I): 0x78 = 120 = 0b1111000
	dlen         (H): 0x13 = 19 = 0b10011
	address     (19): b'\x0bAndroid-103\x05local\x00' = 
	bodybytes    (0): b''
-> answers[1]:
layer567.dns.Answer
	name        (70): b'\x01E\x014\x01A\x017\x018\x010\x01C\x01D\x015\x01B\x01C\x015\x01E\x01C\x01B\x018\x010\x010\x010\x010\x010\x010\x010\x010\x010\x010\x010\x010\x010\x018\x01E\x01F\x03ip6\xc0!' = E.4.A.7.8.0.C.D.5.B.C.5.E.C.B.8.0.0.0.0.0.0.0.0.0.0.0.0.0.8.E.F.ip6.arpa.
	type         (H): 0xC = 12 = 0b1100
	cls          (H): 0x8001 = 32769 = 0b1000000000000001
	ttl          (I): 0x78 = 120 = 0b1111000
	dlen         (H): 0x2 = 2 = 0b10
	address      (2): b'\xc01' = 
	bodybytes    (0): b''
-> answers[2]:
layer567.dns.Answer
	name         (2): b'\xc01' = Android-103.local.
	type         (H): 0x1 = 1 = 0b1
	cls          (H): 0x8001 = 32769 = 0b1000000000000001
	ttl          (I): 0x78 = 120 = 0b1111000
	dlen         (H): 0x4 = 4 = 0b100
	address      (4): b'\xc0\xa8\x00\x17' = 192.168.0.23
	bodybytes    (0): b''
-> answers[3]:
layer567.dns.Answer
	name         (2): b'\xc01' = Android-103.local.
	type         (H): 0x1C = 28 = 0b11100
	cls          (H): 0x8001 = 32769 = 0b1000000000000001
	ttl          (I): 0x78 = 120 = 0b1111000
	dlen         (H): 0x10 = 16 = 0b10000
	address     (16): b'\xfe\x80\x00\x00\x00\x00\x00\x00\x8b\xce\\\xb5\xdc\x08zN' = fe80::8bce:5cb5:dc08:7a4e
	bodybytes    (0): b''
----------",-1,4,"b'HK\xaa,\xd8\xf9'",b'\xa8+\xb9\xd6]\x9c',-1,-1,-1
14,17415,255,-1,278,-1,192.168.0.23,224.0.0.251,17,Normal,b'\x042\xf4E\x17\xb3',b'\xa8+\xb9\xd6]\x9c',"Ethernet,IP,UDP,DNS","[4, 50, 244, 69, 23, 179, 168, 43, 185, 214, 93, 156, 8, 0, 69, 0, 1, 22, 47, 191, 64, 0, 255, 17, 169, 92, 192, 168, 0, 23, 224, 0, 0, 251, 20, 233, 20, 233, 1, 2, 45, 57, 0, 0, 132, 0, 0, 0, 0, 4, 0, 0, 0, 3, 2, 50, 51, 1, 48, 3, 49, 54, 56, 3, 49, 57, 50, 7, 105, 110, 45, 97, 100, 100, 114, 4, 97, 114, 112, 97, 0, 0, 12, 128, 1, 0, 0, 0, 120, 0, 19, 11, 65, 110, 100, 114, 111, 105, 100, 45, 49, 48, 51, 5, 108, 111, 99, 97, 108, 0, 1, 69, 1, 52, 1, 65, 1, 55, 1, 56, 1, 48, 1, 67, 1, 68, 1, 53, 1, 66, 1, 67, 1, 53, 1, 69, 1, 67, 1, 66, 1, 56, 1, 48, 1, 48, 1, 48, 1, 48, 1, 48, 1, 48, 1, 48, 1, 48, 1, 48, 1, 48, 1, 48, 1, 48, 1, 48, 1, 56, 1, 69, 1, 70, 3, 105, 112, 54, 192, 33, 0, 12, 128, 1, 0, 0, 0, 120, 0, 2, 192, 49, 192, 49, 0, 1, 128, 1, 0, 0, 0, 120, 0, 4, 192, 168, 0, 23, 192, 49, 0, 28, 128, 1, 0, 0, 0, 120, 0, 16, 254, 128, 0, 0, 0, 0, 0, 0, 139, 206, 92, 181, 220, 8, 122, 78, 192, 12, 0, 47, 128, 1, 0, 0, 0, 120, 0, 6, 192, 12, 0, 2, 0, 8, 192, 68, 0, 47, 128, 1, 0, 0, 0, 120, 0, 6, 192, 68, 0, 2, 0, 8, 192, 49, 0, 47, 128, 1, 0, 0, 0, 120, 0, 8, 192, 49, 0, 4, 64, 0, 0, 8]",2019-05-20 08:56:46.867362,292,5353,5353,-1,-1,-1,-1,-1,-1,-1,-1,-1,"(see below)
----------
-> answers[0]:
layer567.dns.Answer
	name        (27): b'\x0223\x010\x03168\x03192\x07in-addr\x04arpa\x00' = 23.0.168.192.in-addr.arpa.
	type         (H): 0xC = 12 = 0b1100
	cls          (H): 0x8001 = 32769 = 0b1000000000000001
	ttl          (I): 0x78 = 120 = 0b1111000
	dlen         (H): 0x13 = 19 = 0b10011
	address     (19): b'\x0bAndroid-103\x05local\x00' = 
	bodybytes    (0): b''
-> answers[1]:
layer567.dns.Answer
	name        (70): b'\x01E\x014\x01A\x017\x018\x010\x01C\x01D\x015\x01B\x01C\x015\x01E\x01C\x01B\x018\x010\x010\x010\x010\x010\x010\x010\x010\x010\x010\x010\x010\x010\x018\x01E\x01F\x03ip6\xc0!' = E.4.A.7.8.0.C.D.5.B.C.5.E.C.B.8.0.0.0.0.0.0.0.0.0.0.0.0.0.8.E.F.ip6.arpa.
	type         (H): 0xC = 12 = 0b1100
	cls          (H): 0x8001 = 32769 = 0b1000000000000001
	ttl          (I): 0x78 = 120 = 0b1111000
	dlen         (H): 0x2 = 2 = 0b10
	address      (2): b'\xc01' = 
	bodybytes    (0): b''
-> answers[2]:
layer567.dns.Answer
	name         (2): b'\xc01' = Android-103.local.
	type         (H): 0x1 = 1 = 0b1
	cls          (H): 0x8001 = 32769 = 0b1000000000000001
	ttl          (I): 0x78 = 120 = 0b1111000
	dlen         (H): 0x4 = 4 = 0b100
	address      (4): b'\xc0\xa8\x00\x17' = 192.168.0.23
	bodybytes    (0): b''
-> answers[3]:
layer567.dns.Answer
	name         (2): b'\xc01' = Android-103.local.
	type         (H): 0x1C = 28 = 0b11100
	cls          (H): 0x8001 = 32769 = 0b1000000000000001
	ttl          (I): 0x78 = 120 = 0b1111000
	dlen         (H): 0x10 = 16 = 0b10000
	address     (16): b'\xfe\x80\x00\x00\x00\x00\x00\x00\x8b\xce\\\xb5\xdc\x08zN' = fe80::8bce:5cb5:dc08:7a4e
	bodybytes    (0): b''
----------",-1,4,b'\x042\xf4E\x17\xb3',b'\xa8+\xb9\xd6]\x9c',-1,-1,-1
15,17416,-1,-1,-1,-1,-1,-1,-1,Normal,b'\x042\xf4E\x17\xb3',b'\xa8+\xb9\xd6]\x9c',"Ethernet,IP6,UDP,DNS","[4, 50, 244, 69, 23, 179, 168, 43, 185, 214, 93, 156, 134, 221, 96, 9, 121, 157, 1, 2, 17, 255, 254, 128, 0, 0, 0, 0, 0, 0, 139, 206, 92, 181, 220, 8, 122, 78, 255, 2, 0, 0, 0, 0, 0, 0, 0, 0, 0, 0, 0, 0, 0, 251, 20, 233, 20, 233, 1, 2, 145, 154, 0, 0, 132, 0, 0, 0, 0, 4, 0, 0, 0, 3, 2, 50, 51, 1, 48, 3, 49, 54, 56, 3, 49, 57, 50, 7, 105, 110, 45, 97, 100, 100, 114, 4, 97, 114, 112, 97, 0, 0, 12, 128, 1, 0, 0, 0, 120, 0, 19, 11, 65, 110, 100, 114, 111, 105, 100, 45, 49, 48, 51, 5, 108, 111, 99, 97, 108, 0, 1, 69, 1, 52, 1, 65, 1, 55, 1, 56, 1, 48, 1, 67, 1, 68, 1, 53, 1, 66, 1, 67, 1, 53, 1, 69, 1, 67, 1, 66, 1, 56, 1, 48, 1, 48, 1, 48, 1, 48, 1, 48, 1, 48, 1, 48, 1, 48, 1, 48, 1, 48, 1, 48, 1, 48, 1, 48, 1, 56, 1, 69, 1, 70, 3, 105, 112, 54, 192, 33, 0, 12, 128, 1, 0, 0, 0, 120, 0, 2, 192, 49, 192, 49, 0, 1, 128, 1, 0, 0, 0, 120, 0, 4, 192, 168, 0, 23, 192, 49, 0, 28, 128, 1, 0, 0, 0, 120, 0, 16, 254, 128, 0, 0, 0, 0, 0, 0, 139, 206, 92, 181, 220, 8, 122, 78, 192, 12, 0, 47, 128, 1, 0, 0, 0, 120, 0, 6, 192, 12, 0, 2, 0, 8, 192, 68, 0, 47, 128, 1, 0, 0, 0, 120, 0, 6, 192, 68, 0, 2, 0, 8, 192, 49, 0, 47, 128, 1, 0, 0, 0, 120, 0, 8, 192, 49, 0, 4, 64, 0, 0, 8]",2019-05-20 08:56:46.867482,312,5353,5353,-1,-1,-1,-1,-1,-1,-1,-1,-1,"(see below)
----------
-> answers[0]:
layer567.dns.Answer
	name        (27): b'\x0223\x010\x03168\x03192\x07in-addr\x04arpa\x00' = 23.0.168.192.in-addr.arpa.
	type         (H): 0xC = 12 = 0b1100
	cls          (H): 0x8001 = 32769 = 0b1000000000000001
	ttl          (I): 0x78 = 120 = 0b1111000
	dlen         (H): 0x13 = 19 = 0b10011
	address     (19): b'\x0bAndroid-103\x05local\x00' = 
	bodybytes    (0): b''
-> answers[1]:
layer567.dns.Answer
	name        (70): b'\x01E\x014\x01A\x017\x018\x010\x01C\x01D\x015\x01B\x01C\x015\x01E\x01C\x01B\x018\x010\x010\x010\x010\x010\x010\x010\x010\x010\x010\x010\x010\x010\x018\x01E\x01F\x03ip6\xc0!' = E.4.A.7.8.0.C.D.5.B.C.5.E.C.B.8.0.0.0.0.0.0.0.0.0.0.0.0.0.8.E.F.ip6.arpa.
	type         (H): 0xC = 12 = 0b1100
	cls          (H): 0x8001 = 32769 = 0b1000000000000001
	ttl          (I): 0x78 = 120 = 0b1111000
	dlen         (H): 0x2 = 2 = 0b10
	address      (2): b'\xc01' = 
	bodybytes    (0): b''
-> answers[2]:
layer567.dns.Answer
	name         (2): b'\xc01' = Android-103.local.
	type         (H): 0x1 = 1 = 0b1
	cls          (H): 0x8001 = 32769 = 0b1000000000000001
	ttl          (I): 0x78 = 120 = 0b1111000
	dlen         (H): 0x4 = 4 = 0b100
	address      (4): b'\xc0\xa8\x00\x17' = 192.168.0.23
	bodybytes    (0): b''
-> answers[3]:
layer567.dns.Answer
	name         (2): b'\xc01' = Android-103.local.
	type         (H): 0x1C = 28 = 0b11100
	cls          (H): 0x8001 = 32769 = 0b1000000000000001
	ttl          (I): 0x78 = 120 = 0b1111000
	dlen         (H): 0x10 = 16 = 0b10000
	address     (16): b'\xfe\x80\x00\x00\x00\x00\x00\x00\x8b\xce\\\xb5\xdc\x08zN' = fe80::8bce:5cb5:dc08:7a4e
	bodybytes    (0): b''
----------",-1,4,b'\x042\xf4E\x17\xb3',b'\xa8+\xb9\xd6]\x9c',-1,-1,-1
16,19976,60,-1,443,-1,163.152.1.1,192.168.0.16,17,Normal,"b'HK\xaa,\xd8\xf9'",b'\x886l\xd7\x1cV',"Ethernet,IP,UDP,DNS","[72, 75, 170, 44, 216, 249, 136, 54, 108, 215, 28, 86, 8, 0, 69, 0, 1, 187, 60, 206, 0, 0, 60, 17, 219, 18, 163, 152, 1, 1, 192, 168, 0, 16, 0, 53, 195, 54, 1, 167, 25, 195, 11, 186, 129, 128, 0, 1, 0, 2, 0, 4, 0, 8, 19, 115, 103, 112, 100, 99, 108, 111, 103, 45, 49, 52, 56, 51, 56, 54, 57, 56, 55, 49, 14, 97, 112, 45, 115, 111, 117, 116, 104, 101, 97, 115, 116, 45, 49, 3, 101, 108, 98, 9, 97, 109, 97, 122, 111, 110, 97, 119, 115, 3, 99, 111, 109, 0, 0, 1, 0, 1, 192, 12, 0, 1, 0, 1, 0, 0, 0, 60, 0, 4, 13, 228, 245, 106, 192, 12, 0, 1, 0, 1, 0, 0, 0, 60, 0, 4, 52, 220, 136, 156, 192, 32, 0, 2, 0, 1, 0, 0, 0, 151, 0, 23, 7, 110, 115, 45, 49, 49, 50, 53, 9, 97, 119, 115, 100, 110, 115, 45, 49, 50, 3, 111, 114, 103, 0, 192, 32, 0, 2, 0, 1, 0, 0, 0, 151, 0, 25, 7, 110, 115, 45, 49, 57, 55, 51, 9, 97, 119, 115, 100, 110, 115, 45, 53, 52, 2, 99, 111, 2, 117, 107, 0, 192, 32, 0, 2, 0, 1, 0, 0, 0, 151, 0, 19, 6, 110, 115, 45, 50, 49, 48, 9, 97, 119, 115, 100, 110, 115, 45, 50, 54, 192, 61, 192, 32, 0, 2, 0, 1, 0, 0, 0, 151, 0, 22, 6, 110, 115, 45, 55, 56, 53, 9, 97, 119, 115, 100, 110, 115, 45, 51, 52, 3, 110, 101, 116, 0, 192, 186, 0, 1, 0, 1, 0, 2, 77, 81, 0, 4, 205, 251, 192, 210, 192, 217, 0, 1, 0, 1, 0, 2, 77, 81, 0, 4, 205, 251, 195, 17, 192, 114, 0, 1, 0, 1, 0, 2, 77, 81, 0, 4, 205, 251, 196, 101, 192, 149, 0, 1, 0, 1, 0, 2, 77, 81, 0, 4, 205, 251, 199, 181, 192, 186, 0, 28, 0, 1, 0, 2, 77, 81, 0, 16, 38, 0, 144, 0, 83, 0, 210, 0, 0, 0, 0, 0, 0, 0, 0, 1, 192, 217, 0, 28, 0, 1, 0, 2, 77, 81, 0, 16, 38, 0, 144, 0, 83, 3, 17, 0, 0, 0, 0, 0, 0, 0, 0, 1, 192, 114, 0, 28, 0, 1, 0, 2, 77, 81, 0, 16, 38, 0, 144, 0, 83, 4, 101, 0, 0, 0, 0, 0, 0, 0, 0, 1, 192, 149, 0, 28, 0, 1, 0, 2, 77, 81, 0, 16, 38, 0, 144, 0, 83, 7, 181, 0, 0, 0, 0, 0, 0, 0, 0, 1]",2019-05-20 08:56:51.064526,457,49974,53,-1,-1,-1,-1,-1,-1,-1,-1,-1,"(see below)
----------
-> answers[0]:
layer567.dns.Answer
	name         (2): b'\xc0\x0c' = sgpdclog-1483869871.ap-southeast-1.elb.amazonaws.com.
	type         (H): 0x1 = 1 = 0b1
	cls          (H): 0x1 = 1 = 0b1
	ttl          (I): 0x3C = 60 = 0b111100
	dlen         (H): 0x4 = 4 = 0b100
	address      (4): b'\r\xe4\xf5j' = 13.228.245.106
	bodybytes    (0): b''
-> answers[1]:
layer567.dns.Answer
	name         (2): b'\xc0\x0c' = sgpdclog-1483869871.ap-southeast-1.elb.amazonaws.com.
	type         (H): 0x1 = 1 = 0b1
	cls          (H): 0x1 = 1 = 0b1
	ttl          (I): 0x3C = 60 = 0b111100
	dlen         (H): 0x4 = 4 = 0b100
	address      (4): b'4\xdc\x88\x9c' = 52.220.136.156
	bodybytes    (0): b''
----------",-1,2,"b'HK\xaa,\xd8\xf9'",b'\x886l\xd7\x1cV',-1,-1,-1
17,24474,60,-1,511,-1,163.152.1.1,192.168.0.16,17,Normal,"b'HK\xaa,\xd8\xf9'",b'\x886l\xd7\x1cV',"Ethernet,IP,UDP,DNS","[72, 75, 170, 44, 216, 249, 136, 54, 108, 215, 28, 86, 8, 0, 69, 0, 1, 255, 60, 207, 0, 0, 60, 17, 218, 205, 163, 152, 1, 1, 192, 168, 0, 16, 0, 53, 239, 123, 1, 235, 39, 246, 240, 4, 129, 128, 0, 1, 0, 8, 0, 4, 0, 8, 8, 115, 101, 116, 116, 105, 110, 103, 115, 11, 99, 114, 97, 115, 104, 108, 121, 116, 105, 99, 115, 3, 99, 111, 109, 0, 0, 1, 0, 1, 192, 12, 0, 1, 0, 1, 0, 0, 0, 53, 0, 4, 50, 16, 236, 62, 192, 12, 0, 1, 0, 1, 0, 0, 0, 53, 0, 4, 23, 23, 149, 99, 192, 12, 0, 1, 0, 1, 0, 0, 0, 53, 0, 4, 23, 21, 190, 10, 192, 12, 0, 1, 0, 1, 0, 0, 0, 53, 0, 4, 54, 243, 62, 110, 192, 12, 0, 1, 0, 1, 0, 0, 0, 53, 0, 4, 23, 21, 60, 189, 192, 12, 0, 1, 0, 1, 0, 0, 0, 53, 0, 4, 23, 21, 202, 120, 192, 12, 0, 1, 0, 1, 0, 0, 0, 53, 0, 4, 23, 21, 74, 237, 192, 12, 0, 1, 0, 1, 0, 0, 0, 53, 0, 4, 23, 21, 80, 184, 192, 21, 0, 2, 0, 1, 0, 1, 7, 140, 0, 25, 7, 110, 115, 45, 49, 54, 48, 57, 9, 97, 119, 115, 100, 110, 115, 45, 48, 57, 2, 99, 111, 2, 117, 107, 0, 192, 21, 0, 2, 0, 1, 0, 1, 7, 140, 0, 23, 7, 110, 115, 45, 49, 50, 50, 54, 9, 97, 119, 115, 100, 110, 115, 45, 50, 53, 3, 111, 114, 103, 0, 192, 21, 0, 2, 0, 1, 0, 1, 7, 140, 0, 22, 6, 110, 115, 45, 57, 54, 56, 9, 97, 119, 115, 100, 110, 115, 45, 53, 55, 3, 110, 101, 116, 0, 192, 21, 0, 2, 0, 1, 0, 1, 7, 140, 0, 19, 6, 110, 115, 45, 50, 55, 57, 9, 97, 119, 115, 100, 110, 115, 45, 51, 52, 192, 33, 193, 32, 0, 1, 0, 1, 0, 0, 234, 32, 0, 4, 205, 251, 193, 23, 192, 254, 0, 1, 0, 1, 0, 2, 81, 91, 0, 4, 205, 251, 195, 200, 192, 219, 0, 1, 0, 1, 0, 2, 81, 202, 0, 4, 205, 251, 196, 202, 192, 182, 0, 1, 0, 1, 0, 2, 81, 13, 0, 4, 205, 251, 198, 73, 193, 32, 0, 28, 0, 1, 0, 0, 234, 32, 0, 16, 38, 0, 144, 0, 83, 1, 23, 0, 0, 0, 0, 0, 0, 0, 0, 1, 192, 254, 0, 28, 0, 1, 0, 2, 81, 91, 0, 16, 38, 0, 144, 0, 83, 3, 200, 0, 0, 0, 0, 0, 0, 0, 0, 1, 192, 219, 0, 28, 0, 1, 0, 2, 81, 202, 0, 16, 38, 0, 144, 0, 83, 4, 202, 0, 0, 0, 0, 0, 0, 0, 0, 1, 192, 182, 0, 28, 0, 1, 0, 2, 81, 13, 0, 16, 38, 0, 144, 0, 83, 6, 73, 0, 0, 0, 0, 0, 0, 0, 0, 1]",2019-05-20 08:57:00.300830,525,61307,53,-1,-1,-1,-1,-1,-1,-1,-1,-1,"(see below)
----------
-> answers[0]:
layer567.dns.Answer
	name         (2): b'\xc0\x0c' = settings.crashlytics.com.
	type         (H): 0x1 = 1 = 0b1
	cls          (H): 0x1 = 1 = 0b1
	ttl          (I): 0x35 = 53 = 0b110101
	dlen         (H): 0x4 = 4 = 0b100
	address      (4): b'2\x10\xec>' = 50.16.236.62
	bodybytes    (0): b''
-> answers[1]:
layer567.dns.Answer
	name         (2): b'\xc0\x0c' = settings.crashlytics.com.
	type         (H): 0x1 = 1 = 0b1
	cls          (H): 0x1 = 1 = 0b1
	ttl          (I): 0x35 = 53 = 0b110101
	dlen         (H): 0x4 = 4 = 0b100
	address      (4): b'\x17\x17\x95c' = 23.23.149.99
	bodybytes    (0): b''
-> answers[2]:
layer567.dns.Answer
	name         (2): b'\xc0\x0c' = settings.crashlytics.com.
	type         (H): 0x1 = 1 = 0b1
	cls          (H): 0x1 = 1 = 0b1
	ttl          (I): 0x35 = 53 = 0b110101
	dlen         (H): 0x4 = 4 = 0b100
	address      (4): b'\x17\x15\xbe\n' = 23.21.190.10
	bodybytes    (0): b''
-> answers[3]:
layer567.dns.Answer
	name         (2): b'\xc0\x0c' = settings.crashlytics.com.
	type         (H): 0x1 = 1 = 0b1
	cls          (H): 0x1 = 1 = 0b1
	ttl          (I): 0x35 = 53 = 0b110101
	dlen         (H): 0x4 = 4 = 0b100
	address      (4): b'6\xf3>n' = 54.243.62.110
	bodybytes    (0): b''
-> answers[4]:
layer567.dns.Answer
	name         (2): b'\xc0\x0c' = settings.crashlytics.com.
	type         (H): 0x1 = 1 = 0b1
	cls          (H): 0x1 = 1 = 0b1
	ttl          (I): 0x35 = 53 = 0b110101
	dlen         (H): 0x4 = 4 = 0b100
	address      (4): b'\x17\x15<\xbd' = 23.21.60.189
	bodybytes    (0): b''
-> answers[5]:
layer567.dns.Answer
	name         (2): b'\xc0\x0c' = settings.crashlytics.com.
	type         (H): 0x1 = 1 = 0b1
	cls          (H): 0x1 = 1 = 0b1
	ttl          (I): 0x35 = 53 = 0b110101
	dlen         (H): 0x4 = 4 = 0b100
	address      (4): b'\x17\x15\xcax' = 23.21.202.120
	bodybytes    (0): b''
-> answers[6]:
layer567.dns.Answer
	name         (2): b'\xc0\x0c' = settings.crashlytics.com.
	type         (H): 0x1 = 1 = 0b1
	cls          (H): 0x1 = 1 = 0b1
	ttl          (I): 0x35 = 53 = 0b110101
	dlen         (H): 0x4 = 4 = 0b100
	address      (4): b'\x17\x15J\xed' = 23.21.74.237
	bodybytes    (0): b''
-> answers[7]:
layer567.dns.Answer
	name         (2): b'\xc0\x0c' = settings.crashlytics.com.
	type         (H): 0x1 = 1 = 0b1
	cls          (H): 0x1 = 1 = 0b1
	ttl          (I): 0x35 = 53 = 0b110101
	dlen         (H): 0x4 = 4 = 0b100
	address      (4): b'\x17\x15P\xb8' = 23.21.80.184
	bodybytes    (0): b''
----------",-1,8,"b'HK\xaa,\xd8\xf9'",b'\x886l\xd7\x1cV',-1,-1,-1
18,24618,60,-1,540,-1,163.152.1.1,192.168.0.16,17,Normal,"b'HK\xaa,\xd8\xf9'",b'\x886l\xd7\x1cV',"Ethernet,IP,UDP,DNS","[72, 75, 170, 44, 216, 249, 136, 54, 108, 215, 28, 86, 8, 0, 69, 0, 2, 28, 60, 208, 0, 0, 60, 17, 218, 175, 163, 152, 1, 1, 192, 168, 0, 16, 0, 53, 198, 156, 2, 8, 233, 39, 115, 175, 129, 128, 0, 1, 0, 9, 0, 4, 0, 7, 1, 101, 11, 99, 114, 97, 115, 104, 108, 121, 116, 105, 99, 115, 3, 99, 111, 109, 0, 0, 1, 0, 1, 192, 12, 0, 5, 0, 1, 0, 0, 0, 120, 0, 52, 25, 101, 118, 101, 110, 116, 115, 45, 101, 110, 100, 112, 111, 105, 110, 116, 45, 52, 53, 53, 55, 49, 52, 50, 57, 52, 9, 117, 115, 45, 101, 97, 115, 116, 45, 49, 3, 101, 108, 98, 9, 97, 109, 97, 122, 111, 110, 97, 119, 115, 192, 26, 192, 47, 0, 1, 0, 1, 0, 0, 0, 56, 0, 4, 23, 23, 161, 173, 192, 47, 0, 1, 0, 1, 0, 0, 0, 56, 0, 4, 23, 21, 248, 149, 192, 47, 0, 1, 0, 1, 0, 0, 0, 56, 0, 4, 23, 21, 150, 201, 192, 47, 0, 1, 0, 1, 0, 0, 0, 56, 0, 4, 23, 21, 231, 80, 192, 47, 0, 1, 0, 1, 0, 0, 0, 56, 0, 4, 23, 21, 149, 230, 192, 47, 0, 1, 0, 1, 0, 0, 0, 56, 0, 4, 23, 21, 141, 186, 192, 47, 0, 1, 0, 1, 0, 0, 0, 56, 0, 4, 23, 21, 117, 229, 192, 47, 0, 1, 0, 1, 0, 0, 0, 56, 0, 4, 23, 21, 44, 153, 192, 73, 0, 2, 0, 1, 0, 0, 0, 113, 0, 19, 6, 110, 115, 45, 50, 51, 53, 9, 97, 119, 115, 100, 110, 115, 45, 50, 57, 192, 26, 192, 73, 0, 2, 0, 1, 0, 0, 0, 113, 0, 22, 6, 110, 115, 45, 57, 51, 52, 9, 97, 119, 115, 100, 110, 115, 45, 53, 50, 3, 110, 101, 116, 0, 192, 73, 0, 2, 0, 1, 0, 0, 0, 113, 0, 25, 7, 110, 115, 45, 49, 55, 57, 51, 9, 97, 119, 115, 100, 110, 115, 45, 51, 50, 2, 99, 111, 2, 117, 107, 0, 192, 73, 0, 2, 0, 1, 0, 0, 0, 113, 0, 23, 7, 110, 115, 45, 49, 49, 49, 57, 9, 97, 119, 115, 100, 110, 115, 45, 49, 49, 3, 111, 114, 103, 0, 192, 239, 0, 1, 0, 1, 0, 2, 76, 67, 0, 4, 205, 251, 192, 235, 193, 14, 0, 1, 0, 1, 0, 2, 76, 67, 0, 4, 205, 251, 195, 166, 193, 85, 0, 1, 0, 1, 0, 2, 76, 100, 0, 4, 205, 251, 196, 95, 193, 48, 0, 1, 0, 1, 0, 2, 76, 85, 0, 4, 205, 251, 199, 1, 192, 239, 0, 28, 0, 1, 0, 2, 76, 67, 0, 16, 38, 0, 144, 0, 83, 0, 235, 0, 0, 0, 0, 0, 0, 0, 0, 1, 193, 14, 0, 28, 0, 1, 0, 2, 76, 67, 0, 16, 38, 0, 144, 0, 83, 3, 166, 0, 0, 0, 0, 0, 0, 0, 0, 1, 193, 85, 0, 28, 0, 1, 0, 2, 76, 100, 0, 16, 38, 0, 144, 0, 83, 4, 95, 0, 0, 0, 0, 0, 0, 0, 0, 1]",2019-05-20 08:57:00.613084,554,50844,53,-1,-1,-1,-1,-1,-1,-1,-1,-1,"(see below)
----------
-> answers[0]:
layer567.dns.Answer
	name         (2): b'\xc0\x0c' = e.crashlytics.com.
	type         (H): 0x5 = 5 = 0b101
	cls          (H): 0x1 = 1 = 0b1
	ttl          (I): 0x78 = 120 = 0b1111000
	dlen         (H): 0x34 = 52 = 0b110100
	address     (52): b'\x19events-endpoint-455714294\tus-east-1\x03elb\tamazonaws\xc0\x1a' = events-endpoint-455714294.us-east-1.elb.amazonaws.
	bodybytes    (0): b''
-> answers[1]:
layer567.dns.Answer
	name         (2): b'\xc0/' = events-endpoint-455714294.us-east-1.elb.amazonaws.com.
	type         (H): 0x1 = 1 = 0b1
	cls          (H): 0x1 = 1 = 0b1
	ttl          (I): 0x38 = 56 = 0b111000
	dlen         (H): 0x4 = 4 = 0b100
	address      (4): b'\x17\x17\xa1\xad' = 23.23.161.173
	bodybytes    (0): b''
-> answers[2]:
layer567.dns.Answer
	name         (2): b'\xc0/' = events-endpoint-455714294.us-east-1.elb.amazonaws.com.
	type         (H): 0x1 = 1 = 0b1
	cls          (H): 0x1 = 1 = 0b1
	ttl          (I): 0x38 = 56 = 0b111000
	dlen         (H): 0x4 = 4 = 0b100
	address      (4): b'\x17\x15\xf8\x95' = 23.21.248.149
	bodybytes    (0): b''
-> answers[3]:
layer567.dns.Answer
	name         (2): b'\xc0/' = events-endpoint-455714294.us-east-1.elb.amazonaws.com.
	type         (H): 0x1 = 1 = 0b1
	cls          (H): 0x1 = 1 = 0b1
	ttl          (I): 0x38 = 56 = 0b111000
	dlen         (H): 0x4 = 4 = 0b100
	address      (4): b'\x17\x15\x96\xc9' = 23.21.150.201
	bodybytes    (0): b''
-> answers[4]:
layer567.dns.Answer
	name         (2): b'\xc0/' = events-endpoint-455714294.us-east-1.elb.amazonaws.com.
	type         (H): 0x1 = 1 = 0b1
	cls          (H): 0x1 = 1 = 0b1
	ttl          (I): 0x38 = 56 = 0b111000
	dlen         (H): 0x4 = 4 = 0b100
	address      (4): b'\x17\x15\xe7P' = 23.21.231.80
	bodybytes    (0): b''
-> answers[5]:
layer567.dns.Answer
	name         (2): b'\xc0/' = events-endpoint-455714294.us-east-1.elb.amazonaws.com.
	type         (H): 0x1 = 1 = 0b1
	cls          (H): 0x1 = 1 = 0b1
	ttl          (I): 0x38 = 56 = 0b111000
	dlen         (H): 0x4 = 4 = 0b100
	address      (4): b'\x17\x15\x95\xe6' = 23.21.149.230
	bodybytes    (0): b''
-> answers[6]:
layer567.dns.Answer
	name         (2): b'\xc0/' = events-endpoint-455714294.us-east-1.elb.amazonaws.com.
	type         (H): 0x1 = 1 = 0b1
	cls          (H): 0x1 = 1 = 0b1
	ttl          (I): 0x38 = 56 = 0b111000
	dlen         (H): 0x4 = 4 = 0b100
	address      (4): b'\x17\x15\x8d\xba' = 23.21.141.186
	bodybytes    (0): b''
-> answers[7]:
layer567.dns.Answer
	name         (2): b'\xc0/' = events-endpoint-455714294.us-east-1.elb.amazonaws.com.
	type         (H): 0x1 = 1 = 0b1
	cls          (H): 0x1 = 1 = 0b1
	ttl          (I): 0x38 = 56 = 0b111000
	dlen         (H): 0x4 = 4 = 0b100
	address      (4): b'\x17\x15u\xe5' = 23.21.117.229
	bodybytes    (0): b''
-> answers[8]:
layer567.dns.Answer
	name         (2): b'\xc0/' = events-endpoint-455714294.us-east-1.elb.amazonaws.com.
	type         (H): 0x1 = 1 = 0b1
	cls          (H): 0x1 = 1 = 0b1
	ttl          (I): 0x38 = 56 = 0b111000
	dlen         (H): 0x4 = 4 = 0b100
	address      (4): b'\x17\x15,\x99' = 23.21.44.153
	bodybytes    (0): b''
----------",-1,9,"b'HK\xaa,\xd8\xf9'",b'\x886l\xd7\x1cV',-1,-1,-1
19,28298,60,-1,518,-1,163.152.1.1,192.168.0.23,17,Normal,b'\xa8+\xb9\xd6]\x9c',b'\x886l\xd7\x1cV',"Ethernet,IP,UDP,DNS","[168, 43, 185, 214, 93, 156, 136, 54, 108, 215, 28, 86, 8, 0, 69, 0, 2, 6, 60, 209, 0, 0, 60, 17, 218, 189, 163, 152, 1, 1, 192, 168, 0, 23, 0, 53, 229, 222, 1, 242, 218, 230, 147, 23, 129, 128, 0, 1, 0, 6, 0, 4, 0, 6, 3, 115, 100, 107, 11, 112, 117, 115, 104, 109, 101, 115, 115, 97, 103, 101, 7, 115, 97, 109, 115, 117, 110, 103, 3, 99, 111, 109, 0, 0, 1, 0, 1, 192, 12, 0, 5, 0, 1, 0, 0, 0, 68, 0, 36, 7, 115, 97, 109, 115, 117, 110, 103, 1, 99, 4, 119, 97, 97, 115, 3, 111, 99, 105, 11, 111, 114, 97, 99, 108, 101, 99, 108, 111, 117, 100, 3, 110, 101, 116, 0, 192, 57, 0, 5, 0, 1, 0, 0, 13, 150, 0, 12, 4, 98, 97, 115, 107, 2, 116, 109, 1, 117, 192, 67, 192, 105, 0, 5, 0, 1, 0, 0, 0, 8, 0, 16, 13, 97, 112, 97, 99, 45, 107, 111, 114, 101, 97, 45, 109, 112, 192, 113, 192, 129, 0, 5, 0, 1, 0, 0, 0, 25, 0, 47, 15, 101, 108, 98, 49, 45, 49, 56, 50, 50, 48, 49, 54, 53, 50, 56, 14, 97, 112, 45, 110, 111, 114, 116, 104, 101, 97, 115, 116, 45, 50, 3, 101, 108, 98, 9, 97, 109, 97, 122, 111, 110, 97, 119, 115, 192, 36, 192, 157, 0, 1, 0, 1, 0, 0, 0, 55, 0, 4, 54, 180, 57, 16, 192, 157, 0, 1, 0, 1, 0, 0, 0, 55, 0, 4, 54, 180, 38, 70, 192, 173, 0, 2, 0, 1, 0, 0, 3, 99, 0, 25, 7, 110, 115, 45, 49, 53, 54, 54, 9, 97, 119, 115, 100, 110, 115, 45, 48, 51, 2, 99, 111, 2, 117, 107, 0, 192, 173, 0, 2, 0, 1, 0, 0, 3, 99, 0, 19, 6, 110, 115, 45, 49, 51, 56, 9, 97, 119, 115, 100, 110, 115, 45, 49, 55, 192, 36, 192, 173, 0, 2, 0, 1, 0, 0, 3, 99, 0, 23, 7, 110, 115, 45, 49, 51, 49, 50, 9, 97, 119, 115, 100, 110, 115, 45, 51, 54, 3, 111, 114, 103, 0, 192, 173, 0, 2, 0, 1, 0, 0, 3, 99, 0, 19, 6, 110, 115, 45, 57, 53, 51, 9, 97, 119, 115, 100, 110, 115, 45, 53, 53, 192, 88, 193, 29, 0, 1, 0, 1, 0, 2, 76, 110, 0, 4, 205, 251, 192, 138, 193, 95, 0, 1, 0, 1, 0, 2, 76, 128, 0, 4, 205, 251, 195, 185, 193, 60, 0, 1, 0, 1, 0, 2, 76, 157, 0, 4, 205, 251, 197, 32, 192, 248, 0, 1, 0, 1, 0, 2, 76, 109, 0, 4, 205, 251, 198, 30, 193, 29, 0, 28, 0, 1, 0, 2, 76, 110, 0, 16, 38, 0, 144, 0, 83, 0, 138, 0, 0, 0, 0, 0, 0, 0, 0, 1, 193, 95, 0, 28, 0, 1, 0, 2, 76, 128, 0, 16, 38, 0, 144, 0, 83, 3, 185, 0, 0, 0, 0, 0, 0, 0, 0, 1]",2019-05-20 08:57:08.278624,532,58846,53,-1,-1,-1,-1,-1,-1,-1,-1,-1,"(see below)
----------
-> answers[0]:
layer567.dns.Answer
	name         (2): b'\xc0\x0c' = sdk.pushmessage.samsung.com.
	type         (H): 0x5 = 5 = 0b101
	cls          (H): 0x1 = 1 = 0b1
	ttl          (I): 0x44 = 68 = 0b1000100
	dlen         (H): 0x24 = 36 = 0b100100
	address     (36): b'\x07samsung\x01c\x04waas\x03oci\x0boraclecloud\x03net\x00' = samsung.c.waas.oci.oraclecloud.net.
	bodybytes    (0): b''
-> answers[1]:
layer567.dns.Answer
	name         (2): b'\xc09' = samsung.c.waas.oci.oraclecloud.net.
	type         (H): 0x5 = 5 = 0b101
	cls          (H): 0x1 = 1 = 0b1
	ttl          (I): 0xD96 = 3478 = 0b110110010110
	dlen         (H): 0xC = 12 = 0b1100
	address     (12): b'\x04bask\x02tm\x01u\xc0C' = bask.tm.u.
	bodybytes    (0): b''
-> answers[2]:
layer567.dns.Answer
	name         (2): b'\xc0i' = bask.tm.u.waas.oci.oraclecloud.net.
	type         (H): 0x5 = 5 = 0b101
	cls          (H): 0x1 = 1 = 0b1
	ttl          (I): 0x8 = 8 = 0b1000
	dlen         (H): 0x10 = 16 = 0b10000
	address     (16): b'\rapac-korea-mp\xc0q' = apac-korea-mp.
	bodybytes    (0): b''
-> answers[3]:
layer567.dns.Answer
	name         (2): b'\xc0\x81' = apac-korea-mp.u.waas.oci.oraclecloud.net.
	type         (H): 0x5 = 5 = 0b101
	cls          (H): 0x1 = 1 = 0b1
	ttl          (I): 0x19 = 25 = 0b11001
	dlen         (H): 0x2F = 47 = 0b101111
	address     (47): b'\x0felb1-1822016528\x0eap-northeast-2\x03elb\tamazonaws\xc0$' = elb1-1822016528.ap-northeast-2.elb.amazonaws.
	bodybytes    (0): b''
-> answers[4]:
layer567.dns.Answer
	name         (2): b'\xc0\x9d' = elb1-1822016528.ap-northeast-2.elb.amazonaws.com.
	type         (H): 0x1 = 1 = 0b1
	cls          (H): 0x1 = 1 = 0b1
	ttl          (I): 0x37 = 55 = 0b110111
	dlen         (H): 0x4 = 4 = 0b100
	address      (4): b'6\xb49\x10' = 54.180.57.16
	bodybytes    (0): b''
-> answers[5]:
layer567.dns.Answer
	name         (2): b'\xc0\x9d' = elb1-1822016528.ap-northeast-2.elb.amazonaws.com.
	type         (H): 0x1 = 1 = 0b1
	cls          (H): 0x1 = 1 = 0b1
	ttl          (I): 0x37 = 55 = 0b110111
	dlen         (H): 0x4 = 4 = 0b100
	address      (4): b'6\xb4&F' = 54.180.38.70
	bodybytes    (0): b''
----------",-1,6,b'\xa8+\xb9\xd6]\x9c',b'\x886l\xd7\x1cV',-1,-1,-1
20,35700,60,-1,465,-1,163.152.1.1,192.168.0.24,17,Normal,b'\x042\xf4E\x17\xb3',b'\x886l\xd7\x1cV',"Ethernet,IP,UDP,DNS","[4, 50, 244, 69, 23, 179, 136, 54, 108, 215, 28, 86, 8, 0, 69, 0, 1, 209, 60, 210, 0, 0, 60, 17, 218, 240, 163, 152, 1, 1, 192, 168, 0, 24, 0, 53, 250, 11, 1, 189, 20, 116, 230, 46, 129, 128, 0, 1, 0, 3, 0, 8, 0, 10, 16, 97, 109, 100, 108, 105, 118, 101, 45, 99, 116, 110, 100, 45, 99, 111, 109, 9, 97, 107, 97, 109, 97, 105, 122, 101, 100, 3, 110, 101, 116, 0, 0, 1, 0, 1, 192, 12, 0, 5, 0, 1, 0, 0, 84, 96, 0, 17, 5, 97, 49, 57, 49, 57, 1, 118, 6, 97, 107, 97, 109, 97, 105, 192, 39, 192, 60, 0, 1, 0, 1, 0, 0, 0, 20, 0, 4, 104, 70, 122, 58, 192, 60, 0, 1, 0, 1, 0, 0, 0, 20, 0, 4, 104, 70, 122, 98, 192, 66, 0, 2, 0, 1, 0, 0, 15, 160, 0, 6, 3, 110, 55, 118, 192, 68, 192, 66, 0, 2, 0, 1, 0, 0, 15, 160, 0, 6, 3, 110, 52, 118, 192, 68, 192, 66, 0, 2, 0, 1, 0, 0, 15, 160, 0, 6, 3, 110, 54, 118, 192, 68, 192, 66, 0, 2, 0, 1, 0, 0, 15, 160, 0, 6, 3, 110, 49, 118, 192, 68, 192, 66, 0, 2, 0, 1, 0, 0, 15, 160, 0, 6, 3, 110, 50, 118, 192, 68, 192, 66, 0, 2, 0, 1, 0, 0, 15, 160, 0, 6, 3, 110, 48, 118, 192, 68, 192, 66, 0, 2, 0, 1, 0, 0, 15, 160, 0, 6, 3, 110, 53, 118, 192, 68, 192, 66, 0, 2, 0, 1, 0, 0, 15, 160, 0, 6, 3, 110, 51, 118, 192, 68, 192, 211, 0, 1, 0, 1, 0, 0, 15, 160, 0, 4, 88, 221, 81, 192, 192, 175, 0, 1, 0, 1, 0, 0, 15, 160, 0, 4, 220, 90, 198, 110, 192, 193, 0, 1, 0, 1, 0, 0, 15, 160, 0, 4, 220, 90, 198, 108, 192, 247, 0, 1, 0, 1, 0, 0, 15, 160, 0, 4, 220, 90, 198, 119, 192, 139, 0, 1, 0, 1, 0, 0, 15, 160, 0, 4, 125, 141, 136, 100, 192, 229, 0, 1, 0, 1, 0, 0, 15, 160, 0, 4, 220, 90, 198, 36, 192, 157, 0, 1, 0, 1, 0, 0, 15, 160, 0, 4, 173, 222, 133, 5, 192, 121, 0, 1, 0, 1, 0, 0, 15, 160, 0, 4, 125, 56, 200, 6, 192, 211, 0, 28, 0, 1, 0, 0, 15, 160, 0, 16, 38, 0, 20, 128, 232, 0, 0, 0, 0, 0, 0, 0, 0, 0, 0, 192, 192, 175, 0, 28, 0, 1, 0, 0, 15, 160, 0, 16, 38, 0, 20, 23, 0, 45, 240, 0, 133, 5, 87, 72, 244, 208, 86, 73]",2019-05-20 08:57:22.662068,479,64011,53,-1,-1,-1,-1,-1,-1,-1,-1,-1,"(see below)
----------
-> answers[0]:
layer567.dns.Answer
	name         (2): b'\xc0\x0c' = amdlive-ctnd-com.akamaized.net.
	type         (H): 0x5 = 5 = 0b101
	cls          (H): 0x1 = 1 = 0b1
	ttl          (I): 0x5460 = 21600 = 0b101010001100000
	dlen         (H): 0x11 = 17 = 0b10001
	address     (17): b""\x05a1919\x01v\x06akamai\xc0'"" = a1919.v.akamai.
	bodybytes    (0): b''
-> answers[1]:
layer567.dns.Answer
	name         (2): b'\xc0<' = a1919.v.akamai.net.
	type         (H): 0x1 = 1 = 0b1
	cls          (H): 0x1 = 1 = 0b1
	ttl          (I): 0x14 = 20 = 0b10100
	dlen         (H): 0x4 = 4 = 0b100
	address      (4): b'hFz:' = 104.70.122.58
	bodybytes    (0): b''
-> answers[2]:
layer567.dns.Answer
	name         (2): b'\xc0<' = a1919.v.akamai.net.
	type         (H): 0x1 = 1 = 0b1
	cls          (H): 0x1 = 1 = 0b1
	ttl          (I): 0x14 = 20 = 0b10100
	dlen         (H): 0x4 = 4 = 0b100
	address      (4): b'hFzb' = 104.70.122.98
	bodybytes    (0): b''
----------",-1,3,b'\x042\xf4E\x17\xb3',b'\x886l\xd7\x1cV',-1,-1,-1
21,44079,60,-1,540,-1,163.152.1.1,192.168.0.14,17,Normal,b'\xa8f\x7f\x0e?T',b'\x886l\xd7\x1cV',"Ethernet,IP,UDP,DNS","[168, 102, 127, 14, 63, 84, 136, 54, 108, 215, 28, 86, 8, 0, 69, 0, 2, 28, 60, 211, 0, 0, 60, 17, 218, 174, 163, 152, 1, 1, 192, 168, 0, 14, 0, 53, 194, 229, 2, 8, 89, 69, 195, 5, 129, 128, 0, 1, 0, 9, 0, 4, 0, 8, 7, 103, 97, 116, 101, 119, 97, 121, 6, 105, 99, 108, 111, 117, 100, 3, 99, 111, 109, 0, 0, 1, 0, 1, 192, 12, 0, 5, 0, 1, 0, 0, 250, 14, 0, 26, 7, 103, 97, 116, 101, 119, 97, 121, 2, 102, 101, 9, 97, 112, 112, 108, 101, 45, 100, 110, 115, 3, 110, 101, 116, 0, 192, 48, 0, 1, 0, 1, 0, 0, 0, 45, 0, 4, 17, 248, 161, 108, 192, 48, 0, 1, 0, 1, 0, 0, 0, 45, 0, 4, 17, 248, 161, 5, 192, 48, 0, 1, 0, 1, 0, 0, 0, 45, 0, 4, 17, 248, 161, 146, 192, 48, 0, 1, 0, 1, 0, 0, 0, 45, 0, 4, 17, 248, 161, 13, 192, 48, 0, 1, 0, 1, 0, 0, 0, 45, 0, 4, 17, 248, 161, 143, 192, 48, 0, 1, 0, 1, 0, 0, 0, 45, 0, 4, 17, 248, 161, 102, 192, 48, 0, 1, 0, 1, 0, 0, 0, 45, 0, 4, 17, 248, 161, 69, 192, 48, 0, 1, 0, 1, 0, 0, 0, 45, 0, 4, 17, 248, 161, 175, 192, 56, 0, 2, 0, 1, 0, 0, 252, 31, 0, 23, 7, 110, 115, 45, 49, 49, 50, 52, 9, 97, 119, 115, 100, 110, 115, 45, 49, 50, 3, 111, 114, 103, 0, 192, 56, 0, 2, 0, 1, 0, 0, 252, 31, 0, 19, 6, 110, 115, 45, 50, 56, 55, 9, 97, 119, 115, 100, 110, 115, 45, 51, 53, 192, 27, 192, 56, 0, 2, 0, 1, 0, 0, 252, 31, 0, 19, 6, 110, 115, 45, 55, 52, 56, 9, 97, 119, 115, 100, 110, 115, 45, 50, 57, 192, 69, 192, 56, 0, 2, 0, 1, 0, 0, 252, 31, 0, 25, 7, 110, 115, 45, 49, 53, 55, 50, 9, 97, 119, 115, 100, 110, 115, 45, 48, 52, 2, 99, 111, 2, 117, 107, 0, 192, 249, 0, 1, 0, 1, 0, 2, 76, 230, 0, 4, 205, 251, 193, 31, 193, 24, 0, 1, 0, 1, 0, 2, 76, 216, 0, 4, 205, 251, 194, 236, 192, 214, 0, 1, 0, 1, 0, 2, 76, 243, 0, 4, 205, 251, 196, 100, 193, 55, 0, 1, 0, 1, 0, 2, 76, 230, 0, 4, 205, 251, 198, 36, 192, 249, 0, 28, 0, 1, 0, 2, 76, 230, 0, 16, 38, 0, 144, 0, 83, 1, 31, 0, 0, 0, 0, 0, 0, 0, 0, 1, 193, 24, 0, 28, 0, 1, 0, 2, 76, 216, 0, 16, 38, 0, 144, 0, 83, 2, 236, 0, 0, 0, 0, 0, 0, 0, 0, 1, 192, 214, 0, 28, 0, 1, 0, 2, 76, 243, 0, 16, 38, 0, 144, 0, 83, 4, 100, 0, 0, 0, 0, 0, 0, 0, 0, 1, 193, 55, 0, 28, 0, 1, 0, 2, 76, 230, 0, 16, 38, 0, 144, 0, 83, 6, 36, 0, 0, 0, 0, 0, 0, 0, 0, 1]",2019-05-20 08:57:36.968509,554,49893,53,-1,-1,-1,-1,-1,-1,-1,-1,-1,"(see below)
----------
-> answers[0]:
layer567.dns.Answer
	name         (2): b'\xc0\x0c' = gateway.icloud.com.
	type         (H): 0x5 = 5 = 0b101
	cls          (H): 0x1 = 1 = 0b1
	ttl          (I): 0xFA0E = 64014 = 0b1111101000001110
	dlen         (H): 0x1A = 26 = 0b11010
	address     (26): b'\x07gateway\x02fe\tapple-dns\x03net\x00' = gateway.fe.apple-dns.net.
	bodybytes    (0): b''
-> answers[1]:
layer567.dns.Answer
	name         (2): b'\xc00' = gateway.fe.apple-dns.net.
	type         (H): 0x1 = 1 = 0b1
	cls          (H): 0x1 = 1 = 0b1
	ttl          (I): 0x2D = 45 = 0b101101
	dlen         (H): 0x4 = 4 = 0b100
	address      (4): b'\x11\xf8\xa1l' = 17.248.161.108
	bodybytes    (0): b''
-> answers[2]:
layer567.dns.Answer
	name         (2): b'\xc00' = gateway.fe.apple-dns.net.
	type         (H): 0x1 = 1 = 0b1
	cls          (H): 0x1 = 1 = 0b1
	ttl          (I): 0x2D = 45 = 0b101101
	dlen         (H): 0x4 = 4 = 0b100
	address      (4): b'\x11\xf8\xa1\x05' = 17.248.161.5
	bodybytes    (0): b''
-> answers[3]:
layer567.dns.Answer
	name         (2): b'\xc00' = gateway.fe.apple-dns.net.
	type         (H): 0x1 = 1 = 0b1
	cls          (H): 0x1 = 1 = 0b1
	ttl          (I): 0x2D = 45 = 0b101101
	dlen         (H): 0x4 = 4 = 0b100
	address      (4): b'\x11\xf8\xa1\x92' = 17.248.161.146
	bodybytes    (0): b''
-> answers[4]:
layer567.dns.Answer
	name         (2): b'\xc00' = gateway.fe.apple-dns.net.
	type         (H): 0x1 = 1 = 0b1
	cls          (H): 0x1 = 1 = 0b1
	ttl          (I): 0x2D = 45 = 0b101101
	dlen         (H): 0x4 = 4 = 0b100
	address      (4): b'\x11\xf8\xa1\r' = 17.248.161.13
	bodybytes    (0): b''
-> answers[5]:
layer567.dns.Answer
	name         (2): b'\xc00' = gateway.fe.apple-dns.net.
	type         (H): 0x1 = 1 = 0b1
	cls          (H): 0x1 = 1 = 0b1
	ttl          (I): 0x2D = 45 = 0b101101
	dlen         (H): 0x4 = 4 = 0b100
	address      (4): b'\x11\xf8\xa1\x8f' = 17.248.161.143
	bodybytes    (0): b''
-> answers[6]:
layer567.dns.Answer
	name         (2): b'\xc00' = gateway.fe.apple-dns.net.
	type         (H): 0x1 = 1 = 0b1
	cls          (H): 0x1 = 1 = 0b1
	ttl          (I): 0x2D = 45 = 0b101101
	dlen         (H): 0x4 = 4 = 0b100
	address      (4): b'\x11\xf8\xa1f' = 17.248.161.102
	bodybytes    (0): b''
-> answers[7]:
layer567.dns.Answer
	name         (2): b'\xc00' = gateway.fe.apple-dns.net.
	type         (H): 0x1 = 1 = 0b1
	cls          (H): 0x1 = 1 = 0b1
	ttl          (I): 0x2D = 45 = 0b101101
	dlen         (H): 0x4 = 4 = 0b100
	address      (4): b'\x11\xf8\xa1E' = 17.248.161.69
	bodybytes    (0): b''
-> answers[8]:
layer567.dns.Answer
	name         (2): b'\xc00' = gateway.fe.apple-dns.net.
	type         (H): 0x1 = 1 = 0b1
	cls          (H): 0x1 = 1 = 0b1
	ttl          (I): 0x2D = 45 = 0b101101
	dlen         (H): 0x4 = 4 = 0b100
	address      (4): b'\x11\xf8\xa1\xaf' = 17.248.161.175
	bodybytes    (0): b''
----------",-1,9,b'\xa8f\x7f\x0e?T',b'\x886l\xd7\x1cV',-1,-1,-1
22,45993,58,-1,324,-1,163.152.11.6,192.168.0.23,17,Normal,b'\xa8+\xb9\xd6]\x9c',b'\x886l\xd7\x1cV',"Ethernet,IP,UDP,DNS","[168, 43, 185, 214, 93, 156, 136, 54, 108, 215, 28, 86, 8, 0, 69, 0, 1, 68, 248, 37, 0, 0, 58, 17, 24, 38, 163, 152, 11, 6, 192, 168, 0, 23, 0, 53, 216, 232, 1, 48, 216, 100, 240, 71, 129, 128, 0, 1, 0, 1, 0, 4, 0, 8, 3, 119, 119, 119, 6, 103, 111, 111, 103, 108, 101, 3, 99, 111, 109, 0, 0, 1, 0, 1, 192, 12, 0, 1, 0, 1, 0, 0, 1, 8, 0, 4, 172, 217, 25, 68, 192, 16, 0, 2, 0, 1, 0, 1, 36, 106, 0, 6, 3, 110, 115, 52, 192, 16, 192, 16, 0, 2, 0, 1, 0, 1, 36, 106, 0, 6, 3, 110, 115, 51, 192, 16, 192, 16, 0, 2, 0, 1, 0, 1, 36, 106, 0, 6, 3, 110, 115, 49, 192, 16, 192, 16, 0, 2, 0, 1, 0, 1, 36, 106, 0, 6, 3, 110, 115, 50, 192, 16, 192, 96, 0, 1, 0, 1, 0, 1, 38, 99, 0, 4, 216, 239, 32, 10, 192, 114, 0, 1, 0, 1, 0, 1, 38, 99, 0, 4, 216, 239, 34, 10, 192, 78, 0, 1, 0, 1, 0, 1, 38, 99, 0, 4, 216, 239, 36, 10, 192, 60, 0, 1, 0, 1, 0, 1, 38, 99, 0, 4, 216, 239, 38, 10, 192, 96, 0, 28, 0, 1, 0, 1, 38, 99, 0, 16, 32, 1, 72, 96, 72, 2, 0, 50, 0, 0, 0, 0, 0, 0, 0, 10, 192, 114, 0, 28, 0, 1, 0, 1, 38, 99, 0, 16, 32, 1, 72, 96, 72, 2, 0, 52, 0, 0, 0, 0, 0, 0, 0, 10, 192, 78, 0, 28, 0, 1, 0, 1, 38, 99, 0, 16, 32, 1, 72, 96, 72, 2, 0, 54, 0, 0, 0, 0, 0, 0, 0, 10, 192, 60, 0, 28, 0, 1, 0, 1, 38, 99, 0, 16, 32, 1, 72, 96, 72, 2, 0, 56, 0, 0, 0, 0, 0, 0, 0, 10]",2019-05-20 08:57:41.705705,338,55528,53,-1,-1,-1,-1,-1,-1,-1,-1,-1,"(see below)
----------
-> answers[0]:
layer567.dns.Answer
	name         (2): b'\xc0\x0c' = www.google.com.
	type         (H): 0x1 = 1 = 0b1
	cls          (H): 0x1 = 1 = 0b1
	ttl          (I): 0x108 = 264 = 0b100001000
	dlen         (H): 0x4 = 4 = 0b100
	address      (4): b'\xac\xd9\x19D' = 172.217.25.68
	bodybytes    (0): b''
----------",-1,1,b'\xa8+\xb9\xd6]\x9c',b'\x886l\xd7\x1cV',-1,-1,-1
23,53633,60,-1,446,-1,163.152.1.1,192.168.0.23,17,Normal,b'\xa8+\xb9\xd6]\x9c',b'\x886l\xd7\x1cV',"Ethernet,IP,UDP,DNS","[168, 43, 185, 214, 93, 156, 136, 54, 108, 215, 28, 86, 8, 0, 69, 0, 1, 190, 60, 213, 0, 0, 60, 17, 219, 1, 163, 152, 1, 1, 192, 168, 0, 23, 0, 53, 199, 179, 1, 170, 251, 193, 183, 141, 129, 128, 0, 1, 0, 4, 0, 4, 0, 8, 4, 101, 117, 108, 97, 15, 115, 97, 109, 115, 117, 110, 103, 105, 111, 116, 99, 108, 111, 117, 100, 3, 99, 111, 109, 0, 0, 1, 0, 1, 192, 12, 0, 1, 0, 1, 0, 0, 0, 49, 0, 4, 52, 85, 124, 41, 192, 12, 0, 1, 0, 1, 0, 0, 0, 49, 0, 4, 52, 85, 124, 254, 192, 12, 0, 1, 0, 1, 0, 0, 0, 49, 0, 4, 52, 85, 124, 210, 192, 12, 0, 1, 0, 1, 0, 0, 0, 49, 0, 4, 52, 85, 124, 118, 192, 17, 0, 2, 0, 1, 0, 2, 89, 241, 0, 23, 7, 110, 115, 45, 49, 52, 56, 56, 9, 97, 119, 115, 100, 110, 115, 45, 53, 56, 3, 111, 114, 103, 0, 192, 17, 0, 2, 0, 1, 0, 2, 89, 241, 0, 18, 5, 110, 115, 45, 52, 50, 9, 97, 119, 115, 100, 110, 115, 45, 48, 53, 192, 33, 192, 17, 0, 2, 0, 1, 0, 2, 89, 241, 0, 25, 7, 110, 115, 45, 49, 55, 51, 56, 9, 97, 119, 115, 100, 110, 115, 45, 50, 53, 2, 99, 111, 2, 117, 107, 0, 192, 17, 0, 2, 0, 1, 0, 2, 89, 241, 0, 22, 6, 110, 115, 45, 55, 57, 53, 9, 97, 119, 115, 100, 110, 115, 45, 51, 53, 3, 110, 101, 116, 0, 192, 153, 0, 1, 0, 1, 0, 1, 79, 220, 0, 4, 205, 251, 192, 42, 192, 220, 0, 1, 0, 1, 0, 2, 78, 61, 0, 4, 205, 251, 195, 27, 192, 118, 0, 1, 0, 1, 0, 2, 86, 193, 0, 4, 205, 251, 197, 208, 192, 183, 0, 1, 0, 1, 0, 2, 88, 63, 0, 4, 205, 251, 198, 202, 192, 153, 0, 28, 0, 1, 0, 1, 79, 220, 0, 16, 38, 0, 144, 0, 83, 0, 42, 0, 0, 0, 0, 0, 0, 0, 0, 1, 192, 220, 0, 28, 0, 1, 0, 2, 78, 61, 0, 16, 38, 0, 144, 0, 83, 3, 27, 0, 0, 0, 0, 0, 0, 0, 0, 1, 192, 118, 0, 28, 0, 1, 0, 2, 86, 193, 0, 16, 38, 0, 144, 0, 83, 5, 208, 0, 0, 0, 0, 0, 0, 0, 0, 1, 192, 183, 0, 28, 0, 1, 0, 2, 88, 63, 0, 16, 38, 0, 144, 0, 83, 6, 202, 0, 0, 0, 0, 0, 0, 0, 0, 1]",2019-05-20 08:58:00.963137,460,51123,53,-1,-1,-1,-1,-1,-1,-1,-1,-1,"(see below)
----------
-> answers[0]:
layer567.dns.Answer
	name         (2): b'\xc0\x0c' = eula.samsungiotcloud.com.
	type         (H): 0x1 = 1 = 0b1
	cls          (H): 0x1 = 1 = 0b1
	ttl          (I): 0x31 = 49 = 0b110001
	dlen         (H): 0x4 = 4 = 0b100
	address      (4): b'4U|)' = 52.85.124.41
	bodybytes    (0): b''
-> answers[1]:
layer567.dns.Answer
	name         (2): b'\xc0\x0c' = eula.samsungiotcloud.com.
	type         (H): 0x1 = 1 = 0b1
	cls          (H): 0x1 = 1 = 0b1
	ttl          (I): 0x31 = 49 = 0b110001
	dlen         (H): 0x4 = 4 = 0b100
	address      (4): b'4U|\xfe' = 52.85.124.254
	bodybytes    (0): b''
-> answers[2]:
layer567.dns.Answer
	name         (2): b'\xc0\x0c' = eula.samsungiotcloud.com.
	type         (H): 0x1 = 1 = 0b1
	cls          (H): 0x1 = 1 = 0b1
	ttl          (I): 0x31 = 49 = 0b110001
	dlen         (H): 0x4 = 4 = 0b100
	address      (4): b'4U|\xd2' = 52.85.124.210
	bodybytes    (0): b''
-> answers[3]:
layer567.dns.Answer
	name         (2): b'\xc0\x0c' = eula.samsungiotcloud.com.
	type         (H): 0x1 = 1 = 0b1
	cls          (H): 0x1 = 1 = 0b1
	ttl          (I): 0x31 = 49 = 0b110001
	dlen         (H): 0x4 = 4 = 0b100
	address      (4): b'4U|v' = 52.85.124.118
	bodybytes    (0): b''
----------",-1,4,b'\xa8+\xb9\xd6]\x9c',b'\x886l\xd7\x1cV',-1,-1,-1
24,57991,60,-1,480,-1,163.152.1.1,192.168.0.23,17,Normal,b'\xa8+\xb9\xd6]\x9c',b'\x886l\xd7\x1cV',"Ethernet,IP,UDP,DNS","[168, 43, 185, 214, 93, 156, 136, 54, 108, 215, 28, 86, 8, 0, 69, 0, 1, 224, 60, 214, 0, 0, 60, 17, 218, 222, 163, 152, 1, 1, 192, 168, 0, 23, 0, 53, 194, 96, 1, 204, 138, 26, 241, 137, 129, 128, 0, 1, 0, 5, 0, 4, 0, 8, 6, 103, 108, 108, 116, 111, 50, 6, 103, 108, 112, 97, 108, 115, 3, 99, 111, 109, 0, 0, 1, 0, 1, 192, 12, 0, 5, 0, 1, 0, 0, 1, 40, 0, 31, 14, 100, 49, 105, 115, 107, 114, 97, 108, 111, 54, 109, 111, 49, 49, 10, 99, 108, 111, 117, 100, 102, 114, 111, 110, 116, 3, 110, 101, 116, 0, 192, 47, 0, 1, 0, 1, 0, 0, 0, 57, 0, 4, 13, 32, 255, 250, 192, 47, 0, 1, 0, 1, 0, 0, 0, 57, 0, 4, 13, 32, 255, 45, 192, 47, 0, 1, 0, 1, 0, 0, 0, 57, 0, 4, 13, 32, 255, 59, 192, 47, 0, 1, 0, 1, 0, 0, 0, 57, 0, 4, 13, 32, 255, 217, 192, 47, 0, 2, 0, 1, 0, 0, 1, 244, 0, 23, 7, 110, 115, 45, 49, 49, 51, 48, 9, 97, 119, 115, 100, 110, 115, 45, 49, 51, 3, 111, 114, 103, 0, 192, 47, 0, 2, 0, 1, 0, 0, 1, 244, 0, 19, 6, 110, 115, 45, 52, 50, 50, 9, 97, 119, 115, 100, 110, 115, 45, 53, 50, 192, 26, 192, 47, 0, 2, 0, 1, 0, 0, 1, 244, 0, 19, 6, 110, 115, 45, 55, 49, 54, 9, 97, 119, 115, 100, 110, 115, 45, 50, 53, 192, 73, 192, 47, 0, 2, 0, 1, 0, 0, 1, 244, 0, 25, 7, 110, 115, 45, 49, 56, 57, 51, 9, 97, 119, 115, 100, 110, 115, 45, 52, 52, 2, 99, 111, 2, 117, 107, 0, 192, 189, 0, 1, 0, 1, 0, 2, 80, 33, 0, 4, 205, 251, 193, 166, 192, 220, 0, 1, 0, 1, 0, 2, 87, 207, 0, 4, 205, 251, 194, 204, 192, 154, 0, 1, 0, 1, 0, 2, 94, 151, 0, 4, 205, 251, 196, 106, 192, 251, 0, 1, 0, 1, 0, 2, 84, 203, 0, 4, 205, 251, 199, 101, 192, 189, 0, 28, 0, 1, 0, 2, 80, 33, 0, 16, 38, 0, 144, 0, 83, 1, 166, 0, 0, 0, 0, 0, 0, 0, 0, 1, 192, 220, 0, 28, 0, 1, 0, 2, 87, 207, 0, 16, 38, 0, 144, 0, 83, 2, 204, 0, 0, 0, 0, 0, 0, 0, 0, 1, 192, 154, 0, 28, 0, 1, 0, 2, 94, 151, 0, 16, 38, 0, 144, 0, 83, 4, 106, 0, 0, 0, 0, 0, 0, 0, 0, 1, 192, 251, 0, 28, 0, 1, 0, 2, 84, 203, 0, 16, 38, 0, 144, 0, 83, 7, 101, 0, 0, 0, 0, 0, 0, 0, 0, 1]",2019-05-20 08:58:09.335712,494,49760,53,-1,-1,-1,-1,-1,-1,-1,-1,-1,"(see below)
----------
-> answers[0]:
layer567.dns.Answer
	name         (2): b'\xc0\x0c' = gllto2.glpals.com.
	type         (H): 0x5 = 5 = 0b101
	cls          (H): 0x1 = 1 = 0b1
	ttl          (I): 0x128 = 296 = 0b100101000
	dlen         (H): 0x1F = 31 = 0b11111
	address     (31): b'\x0ed1iskralo6mo11\ncloudfront\x03net\x00' = d1iskralo6mo11.cloudfront.net.
	bodybytes    (0): b''
-> answers[1]:
layer567.dns.Answer
	name         (2): b'\xc0/' = d1iskralo6mo11.cloudfront.net.
	type         (H): 0x1 = 1 = 0b1
	cls          (H): 0x1 = 1 = 0b1
	ttl          (I): 0x39 = 57 = 0b111001
	dlen         (H): 0x4 = 4 = 0b100
	address      (4): b'\r \xff\xfa' = 13.32.255.250
	bodybytes    (0): b''
-> answers[2]:
layer567.dns.Answer
	name         (2): b'\xc0/' = d1iskralo6mo11.cloudfront.net.
	type         (H): 0x1 = 1 = 0b1
	cls          (H): 0x1 = 1 = 0b1
	ttl          (I): 0x39 = 57 = 0b111001
	dlen         (H): 0x4 = 4 = 0b100
	address      (4): b'\r \xff-' = 13.32.255.45
	bodybytes    (0): b''
-> answers[3]:
layer567.dns.Answer
	name         (2): b'\xc0/' = d1iskralo6mo11.cloudfront.net.
	type         (H): 0x1 = 1 = 0b1
	cls          (H): 0x1 = 1 = 0b1
	ttl          (I): 0x39 = 57 = 0b111001
	dlen         (H): 0x4 = 4 = 0b100
	address      (4): b'\r \xff;' = 13.32.255.59
	bodybytes    (0): b''
-> answers[4]:
layer567.dns.Answer
	name         (2): b'\xc0/' = d1iskralo6mo11.cloudfront.net.
	type         (H): 0x1 = 1 = 0b1
	cls          (H): 0x1 = 1 = 0b1
	ttl          (I): 0x39 = 57 = 0b111001
	dlen         (H): 0x4 = 4 = 0b100
	address      (4): b'\r \xff\xd9' = 13.32.255.217
	bodybytes    (0): b''
----------",-1,5,b'\xa8+\xb9\xd6]\x9c',b'\x886l\xd7\x1cV',-1,-1,-1
25,64494,60,-1,540,-1,163.152.1.1,192.168.0.23,17,Normal,b'\xa8+\xb9\xd6]\x9c',b'\x886l\xd7\x1cV',"Ethernet,IP,UDP,DNS","[168, 43, 185, 214, 93, 156, 136, 54, 108, 215, 28, 86, 8, 0, 69, 0, 2, 28, 60, 215, 0, 0, 60, 17, 218, 161, 163, 152, 1, 1, 192, 168, 0, 23, 0, 53, 244, 112, 2, 8, 46, 124, 156, 52, 129, 128, 0, 1, 0, 9, 0, 4, 0, 7, 1, 101, 11, 99, 114, 97, 115, 104, 108, 121, 116, 105, 99, 115, 3, 99, 111, 109, 0, 0, 1, 0, 1, 192, 12, 0, 5, 0, 1, 0, 0, 0, 36, 0, 52, 25, 101, 118, 101, 110, 116, 115, 45, 101, 110, 100, 112, 111, 105, 110, 116, 45, 52, 53, 53, 55, 49, 52, 50, 57, 52, 9, 117, 115, 45, 101, 97, 115, 116, 45, 49, 3, 101, 108, 98, 9, 97, 109, 97, 122, 111, 110, 97, 119, 115, 192, 26, 192, 47, 0, 1, 0, 1, 0, 0, 0, 30, 0, 4, 23, 23, 254, 24, 192, 47, 0, 1, 0, 1, 0, 0, 0, 30, 0, 4, 23, 23, 172, 6, 192, 47, 0, 1, 0, 1, 0, 0, 0, 30, 0, 4, 23, 23, 213, 226, 192, 47, 0, 1, 0, 1, 0, 0, 0, 30, 0, 4, 23, 21, 221, 154, 192, 47, 0, 1, 0, 1, 0, 0, 0, 30, 0, 4, 23, 21, 42, 213, 192, 47, 0, 1, 0, 1, 0, 0, 0, 30, 0, 4, 23, 21, 46, 184, 192, 47, 0, 1, 0, 1, 0, 0, 0, 30, 0, 4, 107, 22, 255, 201, 192, 47, 0, 1, 0, 1, 0, 0, 0, 30, 0, 4, 107, 22, 199, 156, 192, 73, 0, 2, 0, 1, 0, 0, 0, 29, 0, 22, 6, 110, 115, 45, 57, 51, 52, 9, 97, 119, 115, 100, 110, 115, 45, 53, 50, 3, 110, 101, 116, 0, 192, 73, 0, 2, 0, 1, 0, 0, 0, 29, 0, 23, 7, 110, 115, 45, 49, 49, 49, 57, 9, 97, 119, 115, 100, 110, 115, 45, 49, 49, 3, 111, 114, 103, 0, 192, 73, 0, 2, 0, 1, 0, 0, 0, 29, 0, 25, 7, 110, 115, 45, 49, 55, 57, 51, 9, 97, 119, 115, 100, 110, 115, 45, 51, 50, 2, 99, 111, 2, 117, 107, 0, 192, 73, 0, 2, 0, 1, 0, 0, 0, 29, 0, 19, 6, 110, 115, 45, 50, 51, 53, 9, 97, 119, 115, 100, 110, 115, 45, 50, 57, 192, 26, 193, 89, 0, 1, 0, 1, 0, 2, 75, 239, 0, 4, 205, 251, 192, 235, 192, 239, 0, 1, 0, 1, 0, 2, 75, 239, 0, 4, 205, 251, 195, 166, 193, 17, 0, 1, 0, 1, 0, 2, 76, 16, 0, 4, 205, 251, 196, 95, 193, 52, 0, 1, 0, 1, 0, 2, 76, 1, 0, 4, 205, 251, 199, 1, 193, 89, 0, 28, 0, 1, 0, 2, 75, 239, 0, 16, 38, 0, 144, 0, 83, 0, 235, 0, 0, 0, 0, 0, 0, 0, 0, 1, 192, 239, 0, 28, 0, 1, 0, 2, 75, 239, 0, 16, 38, 0, 144, 0, 83, 3, 166, 0, 0, 0, 0, 0, 0, 0, 0, 1, 193, 17, 0, 28, 0, 1, 0, 2, 76, 16, 0, 16, 38, 0, 144, 0, 83, 4, 95, 0, 0, 0, 0, 0, 0, 0, 0, 1]",2019-05-20 08:58:25.147340,554,62576,53,-1,-1,-1,-1,-1,-1,-1,-1,-1,"(see below)
----------
-> answers[0]:
layer567.dns.Answer
	name         (2): b'\xc0\x0c' = e.crashlytics.com.
	type         (H): 0x5 = 5 = 0b101
	cls          (H): 0x1 = 1 = 0b1
	ttl          (I): 0x24 = 36 = 0b100100
	dlen         (H): 0x34 = 52 = 0b110100
	address     (52): b'\x19events-endpoint-455714294\tus-east-1\x03elb\tamazonaws\xc0\x1a' = events-endpoint-455714294.us-east-1.elb.amazonaws.
	bodybytes    (0): b''
-> answers[1]:
layer567.dns.Answer
	name         (2): b'\xc0/' = events-endpoint-455714294.us-east-1.elb.amazonaws.com.
	type         (H): 0x1 = 1 = 0b1
	cls          (H): 0x1 = 1 = 0b1
	ttl          (I): 0x1E = 30 = 0b11110
	dlen         (H): 0x4 = 4 = 0b100
	address      (4): b'\x17\x17\xfe\x18' = 23.23.254.24
	bodybytes    (0): b''
-> answers[2]:
layer567.dns.Answer
	name         (2): b'\xc0/' = events-endpoint-455714294.us-east-1.elb.amazonaws.com.
	type         (H): 0x1 = 1 = 0b1
	cls          (H): 0x1 = 1 = 0b1
	ttl          (I): 0x1E = 30 = 0b11110
	dlen         (H): 0x4 = 4 = 0b100
	address      (4): b'\x17\x17\xac\x06' = 23.23.172.6
	bodybytes    (0): b''
-> answers[3]:
layer567.dns.Answer
	name         (2): b'\xc0/' = events-endpoint-455714294.us-east-1.elb.amazonaws.com.
	type         (H): 0x1 = 1 = 0b1
	cls          (H): 0x1 = 1 = 0b1
	ttl          (I): 0x1E = 30 = 0b11110
	dlen         (H): 0x4 = 4 = 0b100
	address      (4): b'\x17\x17\xd5\xe2' = 23.23.213.226
	bodybytes    (0): b''
-> answers[4]:
layer567.dns.Answer
	name         (2): b'\xc0/' = events-endpoint-455714294.us-east-1.elb.amazonaws.com.
	type         (H): 0x1 = 1 = 0b1
	cls          (H): 0x1 = 1 = 0b1
	ttl          (I): 0x1E = 30 = 0b11110
	dlen         (H): 0x4 = 4 = 0b100
	address      (4): b'\x17\x15\xdd\x9a' = 23.21.221.154
	bodybytes    (0): b''
-> answers[5]:
layer567.dns.Answer
	name         (2): b'\xc0/' = events-endpoint-455714294.us-east-1.elb.amazonaws.com.
	type         (H): 0x1 = 1 = 0b1
	cls          (H): 0x1 = 1 = 0b1
	ttl          (I): 0x1E = 30 = 0b11110
	dlen         (H): 0x4 = 4 = 0b100
	address      (4): b'\x17\x15*\xd5' = 23.21.42.213
	bodybytes    (0): b''
-> answers[6]:
layer567.dns.Answer
	name         (2): b'\xc0/' = events-endpoint-455714294.us-east-1.elb.amazonaws.com.
	type         (H): 0x1 = 1 = 0b1
	cls          (H): 0x1 = 1 = 0b1
	ttl          (I): 0x1E = 30 = 0b11110
	dlen         (H): 0x4 = 4 = 0b100
	address      (4): b'\x17\x15.\xb8' = 23.21.46.184
	bodybytes    (0): b''
-> answers[7]:
layer567.dns.Answer
	name         (2): b'\xc0/' = events-endpoint-455714294.us-east-1.elb.amazonaws.com.
	type         (H): 0x1 = 1 = 0b1
	cls          (H): 0x1 = 1 = 0b1
	ttl          (I): 0x1E = 30 = 0b11110
	dlen         (H): 0x4 = 4 = 0b100
	address      (4): b'k\x16\xff\xc9' = 107.22.255.201
	bodybytes    (0): b''
-> answers[8]:
layer567.dns.Answer
	name         (2): b'\xc0/' = events-endpoint-455714294.us-east-1.elb.amazonaws.com.
	type         (H): 0x1 = 1 = 0b1
	cls          (H): 0x1 = 1 = 0b1
	ttl          (I): 0x1E = 30 = 0b11110
	dlen         (H): 0x4 = 4 = 0b100
	address      (4): b'k\x16\xc7\x9c' = 107.22.199.156
	bodybytes    (0): b''
----------",-1,9,b'\xa8+\xb9\xd6]\x9c',b'\x886l\xd7\x1cV',-1,-1,-1
26,71476,60,-1,324,-1,163.152.1.1,192.168.0.23,17,Normal,b'\xa8+\xb9\xd6]\x9c',b'\x886l\xd7\x1cV',"Ethernet,IP,UDP,DNS","[168, 43, 185, 214, 93, 156, 136, 54, 108, 215, 28, 86, 8, 0, 69, 0, 1, 68, 60, 216, 0, 0, 60, 17, 219, 120, 163, 152, 1, 1, 192, 168, 0, 23, 0, 53, 211, 18, 1, 48, 61, 145, 44, 187, 129, 128, 0, 1, 0, 1, 0, 4, 0, 8, 3, 119, 119, 119, 6, 103, 111, 111, 103, 108, 101, 3, 99, 111, 109, 0, 0, 1, 0, 1, 192, 12, 0, 1, 0, 1, 0, 0, 0, 68, 0, 4, 172, 217, 26, 36, 192, 16, 0, 2, 0, 1, 0, 2, 75, 174, 0, 6, 3, 110, 115, 50, 192, 16, 192, 16, 0, 2, 0, 1, 0, 2, 75, 174, 0, 6, 3, 110, 115, 49, 192, 16, 192, 16, 0, 2, 0, 1, 0, 2, 75, 174, 0, 6, 3, 110, 115, 52, 192, 16, 192, 16, 0, 2, 0, 1, 0, 2, 75, 174, 0, 6, 3, 110, 115, 51, 192, 16, 192, 78, 0, 1, 0, 1, 0, 2, 109, 199, 0, 4, 216, 239, 32, 10, 192, 60, 0, 1, 0, 1, 0, 2, 109, 199, 0, 4, 216, 239, 34, 10, 192, 114, 0, 1, 0, 1, 0, 2, 109, 199, 0, 4, 216, 239, 36, 10, 192, 96, 0, 1, 0, 1, 0, 2, 109, 199, 0, 4, 216, 239, 38, 10, 192, 78, 0, 28, 0, 1, 0, 1, 118, 112, 0, 16, 32, 1, 72, 96, 72, 2, 0, 50, 0, 0, 0, 0, 0, 0, 0, 10, 192, 60, 0, 28, 0, 1, 0, 1, 118, 112, 0, 16, 32, 1, 72, 96, 72, 2, 0, 52, 0, 0, 0, 0, 0, 0, 0, 10, 192, 114, 0, 28, 0, 1, 0, 2, 176, 15, 0, 16, 32, 1, 72, 96, 72, 2, 0, 54, 0, 0, 0, 0, 0, 0, 0, 10, 192, 96, 0, 28, 0, 1, 0, 2, 176, 15, 0, 16, 32, 1, 72, 96, 72, 2, 0, 56, 0, 0, 0, 0, 0, 0, 0, 10]",2019-05-20 08:58:41.915048,338,54034,53,-1,-1,-1,-1,-1,-1,-1,-1,-1,"(see below)
----------
-> answers[0]:
layer567.dns.Answer
	name         (2): b'\xc0\x0c' = www.google.com.
	type         (H): 0x1 = 1 = 0b1
	cls          (H): 0x1 = 1 = 0b1
	ttl          (I): 0x44 = 68 = 0b1000100
	dlen         (H): 0x4 = 4 = 0b100
	address      (4): b'\xac\xd9\x1a$' = 172.217.26.36
	bodybytes    (0): b''
----------",-1,1,b'\xa8+\xb9\xd6]\x9c',b'\x886l\xd7\x1cV',-1,-1,-1
27,71477,58,-1,324,-1,163.152.11.6,192.168.0.23,17,Normal,b'\xa8+\xb9\xd6]\x9c',b'\x886l\xd7\x1cV',"Ethernet,IP,UDP,DNS","[168, 43, 185, 214, 93, 156, 136, 54, 108, 215, 28, 86, 8, 0, 69, 0, 1, 68, 177, 70, 0, 0, 58, 17, 95, 5, 163, 152, 11, 6, 192, 168, 0, 23, 0, 53, 135, 193, 1, 48, 171, 82, 113, 141, 129, 128, 0, 1, 0, 1, 0, 4, 0, 8, 3, 119, 119, 119, 6, 103, 111, 111, 103, 108, 101, 3, 99, 111, 109, 0, 0, 1, 0, 1, 192, 12, 0, 1, 0, 1, 0, 0, 0, 204, 0, 4, 172, 217, 25, 68, 192, 16, 0, 2, 0, 1, 0, 1, 36, 46, 0, 6, 3, 110, 115, 52, 192, 16, 192, 16, 0, 2, 0, 1, 0, 1, 36, 46, 0, 6, 3, 110, 115, 49, 192, 16, 192, 16, 0, 2, 0, 1, 0, 1, 36, 46, 0, 6, 3, 110, 115, 50, 192, 16, 192, 16, 0, 2, 0, 1, 0, 1, 36, 46, 0, 6, 3, 110, 115, 51, 192, 16, 192, 78, 0, 1, 0, 1, 0, 1, 38, 39, 0, 4, 216, 239, 32, 10, 192, 96, 0, 1, 0, 1, 0, 1, 38, 39, 0, 4, 216, 239, 34, 10, 192, 114, 0, 1, 0, 1, 0, 1, 38, 39, 0, 4, 216, 239, 36, 10, 192, 60, 0, 1, 0, 1, 0, 1, 38, 39, 0, 4, 216, 239, 38, 10, 192, 78, 0, 28, 0, 1, 0, 1, 38, 39, 0, 16, 32, 1, 72, 96, 72, 2, 0, 50, 0, 0, 0, 0, 0, 0, 0, 10, 192, 96, 0, 28, 0, 1, 0, 1, 38, 39, 0, 16, 32, 1, 72, 96, 72, 2, 0, 52, 0, 0, 0, 0, 0, 0, 0, 10, 192, 114, 0, 28, 0, 1, 0, 1, 38, 39, 0, 16, 32, 1, 72, 96, 72, 2, 0, 54, 0, 0, 0, 0, 0, 0, 0, 10, 192, 60, 0, 28, 0, 1, 0, 1, 38, 39, 0, 16, 32, 1, 72, 96, 72, 2, 0, 56, 0, 0, 0, 0, 0, 0, 0, 10]",2019-05-20 08:58:41.916126,338,34753,53,-1,-1,-1,-1,-1,-1,-1,-1,-1,"(see below)
----------
-> answers[0]:
layer567.dns.Answer
	name         (2): b'\xc0\x0c' = www.google.com.
	type         (H): 0x1 = 1 = 0b1
	cls          (H): 0x1 = 1 = 0b1
	ttl          (I): 0xCC = 204 = 0b11001100
	dlen         (H): 0x4 = 4 = 0b100
	address      (4): b'\xac\xd9\x19D' = 172.217.25.68
	bodybytes    (0): b''
----------",-1,1,b'\xa8+\xb9\xd6]\x9c',b'\x886l\xd7\x1cV',-1,-1,-1
28,74469,60,-1,332,-1,163.152.1.1,192.168.0.14,17,Normal,b'\xa8f\x7f\x0e?T',b'\x886l\xd7\x1cV',"Ethernet,IP,UDP,DNS","[168, 102, 127, 14, 63, 84, 136, 54, 108, 215, 28, 86, 8, 0, 69, 0, 1, 76, 60, 217, 0, 0, 60, 17, 219, 120, 163, 152, 1, 1, 192, 168, 0, 14, 0, 53, 128, 240, 1, 56, 231, 117, 33, 251, 129, 128, 0, 1, 0, 1, 0, 4, 0, 8, 3, 115, 115, 108, 7, 103, 115, 116, 97, 116, 105, 99, 3, 99, 111, 109, 0, 0, 1, 0, 1, 192, 12, 0, 1, 0, 1, 0, 0, 0, 187, 0, 4, 172, 217, 25, 99, 192, 16, 0, 2, 0, 1, 0, 2, 76, 6, 0, 13, 3, 110, 115, 50, 6, 103, 111, 111, 103, 108, 101, 192, 24, 192, 16, 0, 2, 0, 1, 0, 2, 76, 6, 0, 6, 3, 110, 115, 52, 192, 65, 192, 16, 0, 2, 0, 1, 0, 2, 76, 6, 0, 6, 3, 110, 115, 51, 192, 65, 192, 16, 0, 2, 0, 1, 0, 2, 76, 6, 0, 6, 3, 110, 115, 49, 192, 65, 192, 122, 0, 1, 0, 1, 0, 2, 109, 194, 0, 4, 216, 239, 32, 10, 192, 61, 0, 1, 0, 1, 0, 2, 109, 194, 0, 4, 216, 239, 34, 10, 192, 104, 0, 1, 0, 1, 0, 2, 109, 194, 0, 4, 216, 239, 36, 10, 192, 86, 0, 1, 0, 1, 0, 2, 109, 194, 0, 4, 216, 239, 38, 10, 192, 122, 0, 28, 0, 1, 0, 1, 118, 107, 0, 16, 32, 1, 72, 96, 72, 2, 0, 50, 0, 0, 0, 0, 0, 0, 0, 10, 192, 61, 0, 28, 0, 1, 0, 1, 118, 107, 0, 16, 32, 1, 72, 96, 72, 2, 0, 52, 0, 0, 0, 0, 0, 0, 0, 10, 192, 104, 0, 28, 0, 1, 0, 2, 176, 10, 0, 16, 32, 1, 72, 96, 72, 2, 0, 54, 0, 0, 0, 0, 0, 0, 0, 10, 192, 86, 0, 28, 0, 1, 0, 2, 176, 10, 0, 16, 32, 1, 72, 96, 72, 2, 0, 56, 0, 0, 0, 0, 0, 0, 0, 10]",2019-05-20 08:58:46.632347,346,33008,53,-1,-1,-1,-1,-1,-1,-1,-1,-1,"(see below)
----------
-> answers[0]:
layer567.dns.Answer
	name         (2): b'\xc0\x0c' = ssl.gstatic.com.
	type         (H): 0x1 = 1 = 0b1
	cls          (H): 0x1 = 1 = 0b1
	ttl          (I): 0xBB = 187 = 0b10111011
	dlen         (H): 0x4 = 4 = 0b100
	address      (4): b'\xac\xd9\x19c' = 172.217.25.99
	bodybytes    (0): b''
----------",-1,1,b'\xa8f\x7f\x0e?T',b'\x886l\xd7\x1cV',-1,-1,-1
